-- phpMyAdmin SQL Dump
-- version 5.2.0
-- https://www.phpmyadmin.net/
--
-- Host: 127.0.0.1
-- Generation Time: Mar 30, 2023 at 02:08 PM
-- Server version: 10.4.27-MariaDB
-- PHP Version: 8.2.0

SET SQL_MODE = "NO_AUTO_VALUE_ON_ZERO";
START TRANSACTION;
SET time_zone = "+00:00";


/*!40101 SET @OLD_CHARACTER_SET_CLIENT=@@CHARACTER_SET_CLIENT */;
/*!40101 SET @OLD_CHARACTER_SET_RESULTS=@@CHARACTER_SET_RESULTS */;
/*!40101 SET @OLD_COLLATION_CONNECTION=@@COLLATION_CONNECTION */;
/*!40101 SET NAMES utf8mb4 */;

--
-- Database: `db_voting`
--

-- --------------------------------------------------------

--
-- Table structure for table `tbl_admin`
--

CREATE TABLE `tbl_admin` (
  `nip` varchar(10) NOT NULL,
  `id_sekolah` varchar(10) NOT NULL,
  `nama` varchar(30) NOT NULL,
  `jk` enum('L','P') NOT NULL,
  `jabatan` varchar(30) NOT NULL,
  `hak_akses` varchar(30) NOT NULL,
  `status` enum('Y','T') NOT NULL,
  `foto` text NOT NULL
) ENGINE=InnoDB DEFAULT CHARSET=latin1 COLLATE=latin1_swedish_ci;

--
-- Dumping data for table `tbl_admin`
--

INSERT INTO `tbl_admin` (`nip`, `id_sekolah`, `nama`, `jk`, `jabatan`, `hak_akses`, `status`, `foto`) VALUES
('123', '001', 'Super Admin', 'L', 'Super Admin', 'Super Admin', 'Y', 'user_laki.png'),
('181131', 'S-001', 'Rini Suryani', 'P', 'Guru', 'Guru', 'Y', 'user_perempuan.png'),
('19221', 'S-001', 'Tangggu', 'L', 'Guru', 'Guru', 'Y', 'user_laki.png'),
('20131001', 'S-001', 'Dimas', 'L', 'Guru', 'Guru', 'Y', 'user_laki.png'),
('20131002', 'S-001', 'Upik', 'P', 'Guru', 'Guru', 'Y', 'user_perempuan.png'),
('A001', 'S-001', 'Rizky Fauzi Achman', 'L', 'Admin', 'Admin', 'Y', 'user_laki.png');

-- --------------------------------------------------------

--
-- Table structure for table `tbl_calon`
--

CREATE TABLE `tbl_calon` (
  `id_pil` varchar(10) NOT NULL,
  `id_sekolah` varchar(10) NOT NULL,
  `nama_calon` text NOT NULL,
  `kelas` text NOT NULL,
  `foto` text NOT NULL,
  `status` enum('Y','T') NOT NULL
) ENGINE=InnoDB DEFAULT CHARSET=latin1 COLLATE=latin1_swedish_ci;

--
-- Dumping data for table `tbl_calon`
--

INSERT INTO `tbl_calon` (`id_pil`, `id_sekolah`, `nama_calon`, `kelas`, `foto`, `status`) VALUES
('S-001-001', 'S-001', 'Rani | Seli', 'XI RPL 1 | XI AP 1', 'S-001-001.jpeg', 'Y'),
('S-001-002', 'S-001', 'Ronal | Anggi', 'XI RPL 1 | XI AP 1', 'S-001-002.jpeg', 'Y'),
('S-001-003', 'S-001', 'Sandi | Dewi', 'XI RPL 2 | XI AP 2', 'S-001-003.jpeg', 'Y'),
('S-001-004', 'S-001', 'Rio | Sindi', 'XI BDP 2 | XI AKL 2', 'S-001-004.jpeg', 'Y');

-- --------------------------------------------------------

--
-- Table structure for table `tbl_login`
--

CREATE TABLE `tbl_login` (
  `username` varchar(10) NOT NULL,
  `password` text NOT NULL,
  `hak_akses` enum('Siswa','Guru','Admin','Super Admin') NOT NULL,
  `id_sekolah` varchar(10) NOT NULL,
  `mac_address` varchar(17) NOT NULL,
  `status` enum('Aktif','Pasif') NOT NULL DEFAULT 'Aktif'
) ENGINE=InnoDB DEFAULT CHARSET=latin1 COLLATE=latin1_swedish_ci;

--
-- Dumping data for table `tbl_login`
--

INSERT INTO `tbl_login` (`username`, `password`, `hak_akses`, `id_sekolah`, `mac_address`, `status`) VALUES
('116012431', '26847a6759d7e4e1d408af50550038e6e24003a1', 'Siswa', 'S-001', '', 'Aktif'),
('116012452', '26847a6759d7e4e1d408af50550038e6e24003a1', 'Siswa', 'S-001', '', 'Aktif'),
('117012536', '26847a6759d7e4e1d408af50550038e6e24003a1', 'Siswa', 'S-001', '', 'Aktif'),
('117012537', '26847a6759d7e4e1d408af50550038e6e24003a1', 'Siswa', 'S-001', '', 'Aktif'),
('117012538', '26847a6759d7e4e1d408af50550038e6e24003a1', 'Siswa', 'S-001', '', 'Aktif'),
('117012540', '26847a6759d7e4e1d408af50550038e6e24003a1', 'Siswa', 'S-001', '', 'Aktif'),
('117012541', '26847a6759d7e4e1d408af50550038e6e24003a1', 'Siswa', 'S-001', '', 'Aktif'),
('117012542', '26847a6759d7e4e1d408af50550038e6e24003a1', 'Siswa', 'S-001', '', 'Aktif'),
('117012543', '26847a6759d7e4e1d408af50550038e6e24003a1', 'Siswa', 'S-001', '', 'Aktif'),
('117012544', '26847a6759d7e4e1d408af50550038e6e24003a1', 'Siswa', 'S-001', '', 'Aktif'),
('117012546', '26847a6759d7e4e1d408af50550038e6e24003a1', 'Siswa', 'S-001', '', 'Aktif'),
('117012547', '26847a6759d7e4e1d408af50550038e6e24003a1', 'Siswa', 'S-001', '', 'Aktif'),
('117012548', '26847a6759d7e4e1d408af50550038e6e24003a1', 'Siswa', 'S-001', '', 'Aktif'),
('117012549', '26847a6759d7e4e1d408af50550038e6e24003a1', 'Siswa', 'S-001', '', 'Aktif'),
('117012550', '26847a6759d7e4e1d408af50550038e6e24003a1', 'Siswa', 'S-001', '', 'Aktif'),
('117012551', '26847a6759d7e4e1d408af50550038e6e24003a1', 'Siswa', 'S-001', '', 'Aktif'),
('117012552', '26847a6759d7e4e1d408af50550038e6e24003a1', 'Siswa', 'S-001', '', 'Aktif'),
('117012553', '26847a6759d7e4e1d408af50550038e6e24003a1', 'Siswa', 'S-001', '', 'Aktif'),
('117012554', '26847a6759d7e4e1d408af50550038e6e24003a1', 'Siswa', 'S-001', '', 'Aktif'),
('117012555', '26847a6759d7e4e1d408af50550038e6e24003a1', 'Siswa', 'S-001', '', 'Aktif'),
('117012556', '26847a6759d7e4e1d408af50550038e6e24003a1', 'Siswa', 'S-001', '', 'Aktif'),
('117012557', '26847a6759d7e4e1d408af50550038e6e24003a1', 'Siswa', 'S-001', '', 'Aktif'),
('117012558', '26847a6759d7e4e1d408af50550038e6e24003a1', 'Siswa', 'S-001', '', 'Aktif'),
('117012559', '26847a6759d7e4e1d408af50550038e6e24003a1', 'Siswa', 'S-001', '', 'Aktif'),
('117012560', '26847a6759d7e4e1d408af50550038e6e24003a1', 'Siswa', 'S-001', '', 'Aktif'),
('117012561', '26847a6759d7e4e1d408af50550038e6e24003a1', 'Siswa', 'S-001', '', 'Aktif'),
('117012562', '26847a6759d7e4e1d408af50550038e6e24003a1', 'Siswa', 'S-001', '', 'Aktif'),
('117012563', '26847a6759d7e4e1d408af50550038e6e24003a1', 'Siswa', 'S-001', '', 'Aktif'),
('117012564', '26847a6759d7e4e1d408af50550038e6e24003a1', 'Siswa', 'S-001', '', 'Aktif'),
('117012565', '26847a6759d7e4e1d408af50550038e6e24003a1', 'Siswa', 'S-001', '', 'Aktif'),
('117012566', '26847a6759d7e4e1d408af50550038e6e24003a1', 'Siswa', 'S-001', '', 'Aktif'),
('117012567', '26847a6759d7e4e1d408af50550038e6e24003a1', 'Siswa', 'S-001', '', 'Aktif'),
('117012568', '26847a6759d7e4e1d408af50550038e6e24003a1', 'Siswa', 'S-001', '', 'Aktif'),
('117012569', '26847a6759d7e4e1d408af50550038e6e24003a1', 'Siswa', 'S-001', '', 'Aktif'),
('117012570', '26847a6759d7e4e1d408af50550038e6e24003a1', 'Siswa', 'S-001', '', 'Aktif'),
('117012571', '26847a6759d7e4e1d408af50550038e6e24003a1', 'Siswa', 'S-001', '', 'Aktif'),
('117012572', '26847a6759d7e4e1d408af50550038e6e24003a1', 'Siswa', 'S-001', '', 'Aktif'),
('117012573', '26847a6759d7e4e1d408af50550038e6e24003a1', 'Siswa', 'S-001', '', 'Aktif'),
('117012574', '26847a6759d7e4e1d408af50550038e6e24003a1', 'Siswa', 'S-001', '', 'Aktif'),
('117012575', '26847a6759d7e4e1d408af50550038e6e24003a1', 'Siswa', 'S-001', '', 'Aktif'),
('117012576', '26847a6759d7e4e1d408af50550038e6e24003a1', 'Siswa', 'S-001', '', 'Aktif'),
('117012577', '26847a6759d7e4e1d408af50550038e6e24003a1', 'Siswa', 'S-001', '', 'Aktif'),
('117012578', '26847a6759d7e4e1d408af50550038e6e24003a1', 'Siswa', 'S-001', '', 'Aktif'),
('117012579', '26847a6759d7e4e1d408af50550038e6e24003a1', 'Siswa', 'S-001', '', 'Aktif'),
('117012580', '26847a6759d7e4e1d408af50550038e6e24003a1', 'Siswa', 'S-001', '', 'Aktif'),
('117012581', '26847a6759d7e4e1d408af50550038e6e24003a1', 'Siswa', 'S-001', '', 'Aktif'),
('117012583', '26847a6759d7e4e1d408af50550038e6e24003a1', 'Siswa', 'S-001', '', 'Aktif'),
('117012584', '26847a6759d7e4e1d408af50550038e6e24003a1', 'Siswa', 'S-001', '', 'Aktif'),
('117012585', '26847a6759d7e4e1d408af50550038e6e24003a1', 'Siswa', 'S-001', '', 'Aktif'),
('117012586', '26847a6759d7e4e1d408af50550038e6e24003a1', 'Siswa', 'S-001', '', 'Aktif'),
('117012587', '26847a6759d7e4e1d408af50550038e6e24003a1', 'Siswa', 'S-001', '', 'Aktif'),
('117012588', '26847a6759d7e4e1d408af50550038e6e24003a1', 'Siswa', 'S-001', '', 'Aktif'),
('117012590', '26847a6759d7e4e1d408af50550038e6e24003a1', 'Siswa', 'S-001', '', 'Aktif'),
('117012591', '26847a6759d7e4e1d408af50550038e6e24003a1', 'Siswa', 'S-001', '', 'Aktif'),
('117012592', '26847a6759d7e4e1d408af50550038e6e24003a1', 'Siswa', 'S-001', '', 'Aktif'),
('117012593', '26847a6759d7e4e1d408af50550038e6e24003a1', 'Siswa', 'S-001', '', 'Aktif'),
('117012594', '26847a6759d7e4e1d408af50550038e6e24003a1', 'Siswa', 'S-001', '', 'Aktif'),
('117012595', '26847a6759d7e4e1d408af50550038e6e24003a1', 'Siswa', 'S-001', '', 'Aktif'),
('117012596', '26847a6759d7e4e1d408af50550038e6e24003a1', 'Siswa', 'S-001', '', 'Aktif'),
('117012597', '26847a6759d7e4e1d408af50550038e6e24003a1', 'Siswa', 'S-001', '', 'Aktif'),
('117012598', '26847a6759d7e4e1d408af50550038e6e24003a1', 'Siswa', 'S-001', '', 'Aktif'),
('117012599', '26847a6759d7e4e1d408af50550038e6e24003a1', 'Siswa', 'S-001', '', 'Aktif'),
('117012600', '26847a6759d7e4e1d408af50550038e6e24003a1', 'Siswa', 'S-001', '', 'Aktif'),
('117012601', '26847a6759d7e4e1d408af50550038e6e24003a1', 'Siswa', 'S-001', '', 'Aktif'),
('117012602', '26847a6759d7e4e1d408af50550038e6e24003a1', 'Siswa', 'S-001', '', 'Aktif'),
('117012603', '26847a6759d7e4e1d408af50550038e6e24003a1', 'Siswa', 'S-001', '', 'Aktif'),
('117012604', '26847a6759d7e4e1d408af50550038e6e24003a1', 'Siswa', 'S-001', '', 'Aktif'),
('117012605', '26847a6759d7e4e1d408af50550038e6e24003a1', 'Siswa', 'S-001', '', 'Aktif'),
('117012606', '26847a6759d7e4e1d408af50550038e6e24003a1', 'Siswa', 'S-001', '', 'Aktif'),
('117012607', '26847a6759d7e4e1d408af50550038e6e24003a1', 'Siswa', 'S-001', '', 'Aktif'),
('117012608', '26847a6759d7e4e1d408af50550038e6e24003a1', 'Siswa', 'S-001', '', 'Aktif'),
('117012609', '26847a6759d7e4e1d408af50550038e6e24003a1', 'Siswa', 'S-001', '', 'Aktif'),
('117012610', '26847a6759d7e4e1d408af50550038e6e24003a1', 'Siswa', 'S-001', '', 'Aktif'),
('117012611', '26847a6759d7e4e1d408af50550038e6e24003a1', 'Siswa', 'S-001', '', 'Aktif'),
('117012612', '26847a6759d7e4e1d408af50550038e6e24003a1', 'Siswa', 'S-001', '', 'Aktif'),
('117012613', '26847a6759d7e4e1d408af50550038e6e24003a1', 'Siswa', 'S-001', '', 'Aktif'),
('117012614', '26847a6759d7e4e1d408af50550038e6e24003a1', 'Siswa', 'S-001', '', 'Aktif'),
('117012616', '26847a6759d7e4e1d408af50550038e6e24003a1', 'Siswa', 'S-001', '', 'Aktif'),
('117012617', '26847a6759d7e4e1d408af50550038e6e24003a1', 'Siswa', 'S-001', '', 'Aktif'),
('117012618', '26847a6759d7e4e1d408af50550038e6e24003a1', 'Siswa', 'S-001', '', 'Aktif'),
('117012619', '26847a6759d7e4e1d408af50550038e6e24003a1', 'Siswa', 'S-001', '', 'Aktif'),
('117012620', '26847a6759d7e4e1d408af50550038e6e24003a1', 'Siswa', 'S-001', '', 'Aktif'),
('117012624', '26847a6759d7e4e1d408af50550038e6e24003a1', 'Siswa', 'S-001', '', 'Aktif'),
('117012625', '26847a6759d7e4e1d408af50550038e6e24003a1', 'Siswa', 'S-001', '', 'Aktif'),
('117012626', '26847a6759d7e4e1d408af50550038e6e24003a1', 'Siswa', 'S-001', '', 'Aktif'),
('117012627', '26847a6759d7e4e1d408af50550038e6e24003a1', 'Siswa', 'S-001', '', 'Aktif'),
('117012628', '26847a6759d7e4e1d408af50550038e6e24003a1', 'Siswa', 'S-001', '', 'Aktif'),
('117012629', '26847a6759d7e4e1d408af50550038e6e24003a1', 'Siswa', 'S-001', '', 'Aktif'),
('117012632', '26847a6759d7e4e1d408af50550038e6e24003a1', 'Siswa', 'S-001', '', 'Aktif'),
('117012633', '26847a6759d7e4e1d408af50550038e6e24003a1', 'Siswa', 'S-001', '', 'Aktif'),
('117012634', '26847a6759d7e4e1d408af50550038e6e24003a1', 'Siswa', 'S-001', '', 'Aktif'),
('117012635', '26847a6759d7e4e1d408af50550038e6e24003a1', 'Siswa', 'S-001', '', 'Aktif'),
('117012636', '26847a6759d7e4e1d408af50550038e6e24003a1', 'Siswa', 'S-001', '', 'Aktif'),
('117012638', '26847a6759d7e4e1d408af50550038e6e24003a1', 'Siswa', 'S-001', '', 'Aktif'),
('117012639', '26847a6759d7e4e1d408af50550038e6e24003a1', 'Siswa', 'S-001', '', 'Aktif'),
('117012640', '26847a6759d7e4e1d408af50550038e6e24003a1', 'Siswa', 'S-001', '', 'Aktif'),
('117012642', '26847a6759d7e4e1d408af50550038e6e24003a1', 'Siswa', 'S-001', '', 'Aktif'),
('117012644', '26847a6759d7e4e1d408af50550038e6e24003a1', 'Siswa', 'S-001', '', 'Aktif'),
('117012645', '26847a6759d7e4e1d408af50550038e6e24003a1', 'Siswa', 'S-001', '', 'Aktif'),
('117012646', '26847a6759d7e4e1d408af50550038e6e24003a1', 'Siswa', 'S-001', '', 'Aktif'),
('117012648', '26847a6759d7e4e1d408af50550038e6e24003a1', 'Siswa', 'S-001', '', 'Aktif'),
('117012649', '26847a6759d7e4e1d408af50550038e6e24003a1', 'Siswa', 'S-001', '', 'Aktif'),
('117012650', '26847a6759d7e4e1d408af50550038e6e24003a1', 'Siswa', 'S-001', '', 'Aktif'),
('117012651', '26847a6759d7e4e1d408af50550038e6e24003a1', 'Siswa', 'S-001', '', 'Aktif'),
('117012652', '26847a6759d7e4e1d408af50550038e6e24003a1', 'Siswa', 'S-001', '', 'Aktif'),
('117012653', '26847a6759d7e4e1d408af50550038e6e24003a1', 'Siswa', 'S-001', '', 'Aktif'),
('117012654', '26847a6759d7e4e1d408af50550038e6e24003a1', 'Siswa', 'S-001', '', 'Aktif'),
('117012658', '26847a6759d7e4e1d408af50550038e6e24003a1', 'Siswa', 'S-001', '', 'Aktif'),
('117012659', '26847a6759d7e4e1d408af50550038e6e24003a1', 'Siswa', 'S-001', '', 'Aktif'),
('117012660', '26847a6759d7e4e1d408af50550038e6e24003a1', 'Siswa', 'S-001', '', 'Aktif'),
('117012661', '26847a6759d7e4e1d408af50550038e6e24003a1', 'Siswa', 'S-001', '', 'Aktif'),
('117012662', '26847a6759d7e4e1d408af50550038e6e24003a1', 'Siswa', 'S-001', '', 'Aktif'),
('117012663', '26847a6759d7e4e1d408af50550038e6e24003a1', 'Siswa', 'S-001', '', 'Aktif'),
('117012664', '26847a6759d7e4e1d408af50550038e6e24003a1', 'Siswa', 'S-001', '', 'Aktif'),
('117012665', '26847a6759d7e4e1d408af50550038e6e24003a1', 'Siswa', 'S-001', '', 'Aktif'),
('117012666', '26847a6759d7e4e1d408af50550038e6e24003a1', 'Siswa', 'S-001', '', 'Aktif'),
('117012668', '26847a6759d7e4e1d408af50550038e6e24003a1', 'Siswa', 'S-001', '', 'Aktif'),
('117012669', '26847a6759d7e4e1d408af50550038e6e24003a1', 'Siswa', 'S-001', '', 'Aktif'),
('117012670', '26847a6759d7e4e1d408af50550038e6e24003a1', 'Siswa', 'S-001', '', 'Aktif'),
('117012671', '26847a6759d7e4e1d408af50550038e6e24003a1', 'Siswa', 'S-001', '', 'Aktif'),
('117012672', '26847a6759d7e4e1d408af50550038e6e24003a1', 'Siswa', 'S-001', '', 'Aktif'),
('117012673', '26847a6759d7e4e1d408af50550038e6e24003a1', 'Siswa', 'S-001', '', 'Aktif'),
('117012674', '26847a6759d7e4e1d408af50550038e6e24003a1', 'Siswa', 'S-001', '', 'Aktif'),
('117012675', '26847a6759d7e4e1d408af50550038e6e24003a1', 'Siswa', 'S-001', '', 'Aktif'),
('117012676', '26847a6759d7e4e1d408af50550038e6e24003a1', 'Siswa', 'S-001', '', 'Aktif'),
('117012677', '26847a6759d7e4e1d408af50550038e6e24003a1', 'Siswa', 'S-001', '', 'Aktif'),
('117012679', '26847a6759d7e4e1d408af50550038e6e24003a1', 'Siswa', 'S-001', '', 'Aktif'),
('117012680', '26847a6759d7e4e1d408af50550038e6e24003a1', 'Siswa', 'S-001', '', 'Aktif'),
('117012681', '26847a6759d7e4e1d408af50550038e6e24003a1', 'Siswa', 'S-001', '', 'Aktif'),
('117012682', '26847a6759d7e4e1d408af50550038e6e24003a1', 'Siswa', 'S-001', '', 'Aktif'),
('117012684', '26847a6759d7e4e1d408af50550038e6e24003a1', 'Siswa', 'S-001', '', 'Aktif'),
('117012685', '26847a6759d7e4e1d408af50550038e6e24003a1', 'Siswa', 'S-001', '', 'Aktif'),
('117012686', '26847a6759d7e4e1d408af50550038e6e24003a1', 'Siswa', 'S-001', '', 'Aktif'),
('117012687', '26847a6759d7e4e1d408af50550038e6e24003a1', 'Siswa', 'S-001', '', 'Aktif'),
('117012688', '26847a6759d7e4e1d408af50550038e6e24003a1', 'Siswa', 'S-001', '', 'Aktif'),
('117012689', '26847a6759d7e4e1d408af50550038e6e24003a1', 'Siswa', 'S-001', '', 'Aktif'),
('117012690', '26847a6759d7e4e1d408af50550038e6e24003a1', 'Siswa', 'S-001', '', 'Aktif'),
('117012691', '26847a6759d7e4e1d408af50550038e6e24003a1', 'Siswa', 'S-001', '', 'Aktif'),
('117012692', '26847a6759d7e4e1d408af50550038e6e24003a1', 'Siswa', 'S-001', '', 'Aktif'),
('117012693', '26847a6759d7e4e1d408af50550038e6e24003a1', 'Siswa', 'S-001', '', 'Aktif'),
('117012694', '26847a6759d7e4e1d408af50550038e6e24003a1', 'Siswa', 'S-001', '', 'Aktif'),
('117012695', '26847a6759d7e4e1d408af50550038e6e24003a1', 'Siswa', 'S-001', '', 'Aktif'),
('117012696', '26847a6759d7e4e1d408af50550038e6e24003a1', 'Siswa', 'S-001', '', 'Aktif'),
('117012697', '26847a6759d7e4e1d408af50550038e6e24003a1', 'Siswa', 'S-001', '', 'Aktif'),
('117012698', '26847a6759d7e4e1d408af50550038e6e24003a1', 'Siswa', 'S-001', '', 'Aktif'),
('117012700', '26847a6759d7e4e1d408af50550038e6e24003a1', 'Siswa', 'S-001', '', 'Aktif'),
('117012701', '26847a6759d7e4e1d408af50550038e6e24003a1', 'Siswa', 'S-001', '', 'Aktif'),
('117012702', '26847a6759d7e4e1d408af50550038e6e24003a1', 'Siswa', 'S-001', '', 'Aktif'),
('117012703', '26847a6759d7e4e1d408af50550038e6e24003a1', 'Siswa', 'S-001', '', 'Aktif'),
('117012705', '26847a6759d7e4e1d408af50550038e6e24003a1', 'Siswa', 'S-001', '', 'Aktif'),
('117012706', '26847a6759d7e4e1d408af50550038e6e24003a1', 'Siswa', 'S-001', '', 'Aktif'),
('117012707', '26847a6759d7e4e1d408af50550038e6e24003a1', 'Siswa', 'S-001', '', 'Aktif'),
('117012708', '26847a6759d7e4e1d408af50550038e6e24003a1', 'Siswa', 'S-001', '', 'Aktif'),
('117012709', '26847a6759d7e4e1d408af50550038e6e24003a1', 'Siswa', 'S-001', '', 'Aktif'),
('117012710', '26847a6759d7e4e1d408af50550038e6e24003a1', 'Siswa', 'S-001', '', 'Aktif'),
('117012711', '26847a6759d7e4e1d408af50550038e6e24003a1', 'Siswa', 'S-001', '', 'Aktif'),
('117012712', '26847a6759d7e4e1d408af50550038e6e24003a1', 'Siswa', 'S-001', '', 'Aktif'),
('117012713', '26847a6759d7e4e1d408af50550038e6e24003a1', 'Siswa', 'S-001', '', 'Aktif'),
('117012714', '26847a6759d7e4e1d408af50550038e6e24003a1', 'Siswa', 'S-001', '', 'Aktif'),
('117012715', '26847a6759d7e4e1d408af50550038e6e24003a1', 'Siswa', 'S-001', '', 'Aktif'),
('117012716', '26847a6759d7e4e1d408af50550038e6e24003a1', 'Siswa', 'S-001', '', 'Aktif'),
('117012717', '26847a6759d7e4e1d408af50550038e6e24003a1', 'Siswa', 'S-001', '', 'Aktif'),
('117012718', '26847a6759d7e4e1d408af50550038e6e24003a1', 'Siswa', 'S-001', '', 'Aktif'),
('117012719', '26847a6759d7e4e1d408af50550038e6e24003a1', 'Siswa', 'S-001', '', 'Aktif'),
('117012720', '26847a6759d7e4e1d408af50550038e6e24003a1', 'Siswa', 'S-001', '', 'Aktif'),
('117012721', '26847a6759d7e4e1d408af50550038e6e24003a1', 'Siswa', 'S-001', '', 'Aktif'),
('117012722', '26847a6759d7e4e1d408af50550038e6e24003a1', 'Siswa', 'S-001', '', 'Aktif'),
('117012723', '26847a6759d7e4e1d408af50550038e6e24003a1', 'Siswa', 'S-001', '', 'Aktif'),
('117012724', '26847a6759d7e4e1d408af50550038e6e24003a1', 'Siswa', 'S-001', '', 'Aktif'),
('117012725', '26847a6759d7e4e1d408af50550038e6e24003a1', 'Siswa', 'S-001', '', 'Aktif'),
('117012726', '26847a6759d7e4e1d408af50550038e6e24003a1', 'Siswa', 'S-001', '', 'Aktif'),
('117012727', '26847a6759d7e4e1d408af50550038e6e24003a1', 'Siswa', 'S-001', '', 'Aktif'),
('117012728', '26847a6759d7e4e1d408af50550038e6e24003a1', 'Siswa', 'S-001', '', 'Aktif'),
('117012729', '26847a6759d7e4e1d408af50550038e6e24003a1', 'Siswa', 'S-001', '', 'Aktif'),
('117012730', '26847a6759d7e4e1d408af50550038e6e24003a1', 'Siswa', 'S-001', '', 'Aktif'),
('117012731', '26847a6759d7e4e1d408af50550038e6e24003a1', 'Siswa', 'S-001', '', 'Aktif'),
('117012732', '26847a6759d7e4e1d408af50550038e6e24003a1', 'Siswa', 'S-001', '', 'Aktif'),
('117012733', '26847a6759d7e4e1d408af50550038e6e24003a1', 'Siswa', 'S-001', '', 'Aktif'),
('117012734', '26847a6759d7e4e1d408af50550038e6e24003a1', 'Siswa', 'S-001', '', 'Aktif'),
('117012735', '26847a6759d7e4e1d408af50550038e6e24003a1', 'Siswa', 'S-001', '', 'Aktif'),
('117012737', '26847a6759d7e4e1d408af50550038e6e24003a1', 'Siswa', 'S-001', '', 'Aktif'),
('117012738', '26847a6759d7e4e1d408af50550038e6e24003a1', 'Siswa', 'S-001', '', 'Aktif'),
('117012739', '26847a6759d7e4e1d408af50550038e6e24003a1', 'Siswa', 'S-001', '', 'Aktif'),
('117012740', '26847a6759d7e4e1d408af50550038e6e24003a1', 'Siswa', 'S-001', '', 'Aktif'),
('117012741', '26847a6759d7e4e1d408af50550038e6e24003a1', 'Siswa', 'S-001', '', 'Aktif'),
('117012742', '26847a6759d7e4e1d408af50550038e6e24003a1', 'Siswa', 'S-001', '', 'Aktif'),
('117012743', '26847a6759d7e4e1d408af50550038e6e24003a1', 'Siswa', 'S-001', '', 'Aktif'),
('118012745', '26847a6759d7e4e1d408af50550038e6e24003a1', 'Siswa', 'S-001', '', 'Aktif'),
('123', 'b5a17eb4f3294f1317924d5e6ac91b6ae6f48043', 'Super Admin', '001', '', 'Aktif'),
('181131', 'd09aff9d36b35b98d91fdef48e5a8908bb1c8111', 'Guru', 'S-001', '', 'Aktif'),
('181910001', '26847a6759d7e4e1d408af50550038e6e24003a1', 'Siswa', 'S-001', '', 'Aktif'),
('181910002', '26847a6759d7e4e1d408af50550038e6e24003a1', 'Siswa', 'S-001', '', 'Aktif'),
('181910003', '26847a6759d7e4e1d408af50550038e6e24003a1', 'Siswa', 'S-001', '', 'Aktif'),
('181910004', '26847a6759d7e4e1d408af50550038e6e24003a1', 'Siswa', 'S-001', '', 'Aktif'),
('181910005', '26847a6759d7e4e1d408af50550038e6e24003a1', 'Siswa', 'S-001', '', 'Aktif'),
('181910006', '26847a6759d7e4e1d408af50550038e6e24003a1', 'Siswa', 'S-001', '', 'Aktif'),
('181910007', '26847a6759d7e4e1d408af50550038e6e24003a1', 'Siswa', 'S-001', '', 'Aktif'),
('181910008', '26847a6759d7e4e1d408af50550038e6e24003a1', 'Siswa', 'S-001', '', 'Aktif'),
('181910009', '26847a6759d7e4e1d408af50550038e6e24003a1', 'Siswa', 'S-001', '', 'Aktif'),
('181910010', '26847a6759d7e4e1d408af50550038e6e24003a1', 'Siswa', 'S-001', '', 'Aktif'),
('181910011', '26847a6759d7e4e1d408af50550038e6e24003a1', 'Siswa', 'S-001', '', 'Aktif'),
('181910012', '26847a6759d7e4e1d408af50550038e6e24003a1', 'Siswa', 'S-001', '', 'Aktif'),
('181910013', '26847a6759d7e4e1d408af50550038e6e24003a1', 'Siswa', 'S-001', '', 'Aktif'),
('181910014', '26847a6759d7e4e1d408af50550038e6e24003a1', 'Siswa', 'S-001', '', 'Aktif'),
('181910015', '26847a6759d7e4e1d408af50550038e6e24003a1', 'Siswa', 'S-001', '', 'Aktif'),
('181910016', '26847a6759d7e4e1d408af50550038e6e24003a1', 'Siswa', 'S-001', '', 'Aktif'),
('181910017', '26847a6759d7e4e1d408af50550038e6e24003a1', 'Siswa', 'S-001', '', 'Aktif'),
('181910018', '26847a6759d7e4e1d408af50550038e6e24003a1', 'Siswa', 'S-001', '', 'Aktif'),
('181910019', '26847a6759d7e4e1d408af50550038e6e24003a1', 'Siswa', 'S-001', '', 'Aktif'),
('181910020', '26847a6759d7e4e1d408af50550038e6e24003a1', 'Siswa', 'S-001', '', 'Aktif'),
('181910022', '26847a6759d7e4e1d408af50550038e6e24003a1', 'Siswa', 'S-001', '', 'Aktif'),
('181910023', '26847a6759d7e4e1d408af50550038e6e24003a1', 'Siswa', 'S-001', '', 'Aktif'),
('181910024', '26847a6759d7e4e1d408af50550038e6e24003a1', 'Siswa', 'S-001', '', 'Aktif'),
('181910025', '26847a6759d7e4e1d408af50550038e6e24003a1', 'Siswa', 'S-001', '', 'Aktif'),
('181910026', '26847a6759d7e4e1d408af50550038e6e24003a1', 'Siswa', 'S-001', '', 'Aktif'),
('181910027', '26847a6759d7e4e1d408af50550038e6e24003a1', 'Siswa', 'S-001', '', 'Aktif'),
('181910028', '26847a6759d7e4e1d408af50550038e6e24003a1', 'Siswa', 'S-001', '', 'Aktif'),
('181910029', '26847a6759d7e4e1d408af50550038e6e24003a1', 'Siswa', 'S-001', '', 'Aktif'),
('181910030', '26847a6759d7e4e1d408af50550038e6e24003a1', 'Siswa', 'S-001', '', 'Aktif'),
('181910031', '26847a6759d7e4e1d408af50550038e6e24003a1', 'Siswa', 'S-001', '', 'Aktif'),
('181910032', '26847a6759d7e4e1d408af50550038e6e24003a1', 'Siswa', 'S-001', '', 'Aktif'),
('181910033', '26847a6759d7e4e1d408af50550038e6e24003a1', 'Siswa', 'S-001', '', 'Aktif'),
('181910034', '26847a6759d7e4e1d408af50550038e6e24003a1', 'Siswa', 'S-001', '', 'Aktif'),
('181910035', '26847a6759d7e4e1d408af50550038e6e24003a1', 'Siswa', 'S-001', '', 'Aktif'),
('181910036', '26847a6759d7e4e1d408af50550038e6e24003a1', 'Siswa', 'S-001', '', 'Aktif'),
('181910038', '26847a6759d7e4e1d408af50550038e6e24003a1', 'Siswa', 'S-001', '', 'Aktif'),
('181910039', '26847a6759d7e4e1d408af50550038e6e24003a1', 'Siswa', 'S-001', '', 'Aktif'),
('181910041', '26847a6759d7e4e1d408af50550038e6e24003a1', 'Siswa', 'S-001', '', 'Aktif'),
('181910042', '26847a6759d7e4e1d408af50550038e6e24003a1', 'Siswa', 'S-001', '', 'Aktif'),
('181910043', '26847a6759d7e4e1d408af50550038e6e24003a1', 'Siswa', 'S-001', '', 'Aktif'),
('181910044', '26847a6759d7e4e1d408af50550038e6e24003a1', 'Siswa', 'S-001', '', 'Aktif'),
('181910045', '26847a6759d7e4e1d408af50550038e6e24003a1', 'Siswa', 'S-001', '', 'Aktif'),
('181910047', '26847a6759d7e4e1d408af50550038e6e24003a1', 'Siswa', 'S-001', '', 'Aktif'),
('181910048', '26847a6759d7e4e1d408af50550038e6e24003a1', 'Siswa', 'S-001', '', 'Aktif'),
('181910049', '26847a6759d7e4e1d408af50550038e6e24003a1', 'Siswa', 'S-001', '', 'Aktif'),
('181910050', '26847a6759d7e4e1d408af50550038e6e24003a1', 'Siswa', 'S-001', '', 'Aktif'),
('181910052', '26847a6759d7e4e1d408af50550038e6e24003a1', 'Siswa', 'S-001', '', 'Aktif'),
('181910053', '26847a6759d7e4e1d408af50550038e6e24003a1', 'Siswa', 'S-001', '', 'Aktif'),
('181910054', '26847a6759d7e4e1d408af50550038e6e24003a1', 'Siswa', 'S-001', '', 'Aktif'),
('181910055', '26847a6759d7e4e1d408af50550038e6e24003a1', 'Siswa', 'S-001', '', 'Aktif'),
('181910056', '26847a6759d7e4e1d408af50550038e6e24003a1', 'Siswa', 'S-001', '', 'Aktif'),
('181910057', '26847a6759d7e4e1d408af50550038e6e24003a1', 'Siswa', 'S-001', '', 'Aktif'),
('181910058', '26847a6759d7e4e1d408af50550038e6e24003a1', 'Siswa', 'S-001', '', 'Aktif'),
('181910059', '26847a6759d7e4e1d408af50550038e6e24003a1', 'Siswa', 'S-001', '', 'Aktif'),
('181910060', '26847a6759d7e4e1d408af50550038e6e24003a1', 'Siswa', 'S-001', '', 'Aktif'),
('181910061', '26847a6759d7e4e1d408af50550038e6e24003a1', 'Siswa', 'S-001', '', 'Aktif'),
('181910063', '26847a6759d7e4e1d408af50550038e6e24003a1', 'Siswa', 'S-001', '', 'Aktif'),
('181910064', '26847a6759d7e4e1d408af50550038e6e24003a1', 'Siswa', 'S-001', '', 'Aktif'),
('181910065', '26847a6759d7e4e1d408af50550038e6e24003a1', 'Siswa', 'S-001', '', 'Aktif'),
('181910066', '26847a6759d7e4e1d408af50550038e6e24003a1', 'Siswa', 'S-001', '', 'Aktif'),
('181910067', '26847a6759d7e4e1d408af50550038e6e24003a1', 'Siswa', 'S-001', '', 'Aktif'),
('181910068', '26847a6759d7e4e1d408af50550038e6e24003a1', 'Siswa', 'S-001', '', 'Aktif'),
('181910069', '26847a6759d7e4e1d408af50550038e6e24003a1', 'Siswa', 'S-001', '', 'Aktif'),
('181910070', '26847a6759d7e4e1d408af50550038e6e24003a1', 'Siswa', 'S-001', '', 'Aktif'),
('181910071', '26847a6759d7e4e1d408af50550038e6e24003a1', 'Siswa', 'S-001', '', 'Aktif'),
('181910072', '26847a6759d7e4e1d408af50550038e6e24003a1', 'Siswa', 'S-001', '', 'Aktif'),
('181910073', '26847a6759d7e4e1d408af50550038e6e24003a1', 'Siswa', 'S-001', '', 'Aktif'),
('181910074', '26847a6759d7e4e1d408af50550038e6e24003a1', 'Siswa', 'S-001', '', 'Aktif'),
('181910075', '26847a6759d7e4e1d408af50550038e6e24003a1', 'Siswa', 'S-001', '', 'Aktif'),
('181910077', '26847a6759d7e4e1d408af50550038e6e24003a1', 'Siswa', 'S-001', '', 'Aktif'),
('181910079', '26847a6759d7e4e1d408af50550038e6e24003a1', 'Siswa', 'S-001', '', 'Aktif'),
('181910081', '26847a6759d7e4e1d408af50550038e6e24003a1', 'Siswa', 'S-001', '', 'Aktif'),
('181910082', '26847a6759d7e4e1d408af50550038e6e24003a1', 'Siswa', 'S-001', '', 'Aktif'),
('181910083', '26847a6759d7e4e1d408af50550038e6e24003a1', 'Siswa', 'S-001', '', 'Aktif'),
('181910084', '26847a6759d7e4e1d408af50550038e6e24003a1', 'Siswa', 'S-001', '', 'Aktif'),
('181910085', '26847a6759d7e4e1d408af50550038e6e24003a1', 'Siswa', 'S-001', '', 'Aktif'),
('181910086', '26847a6759d7e4e1d408af50550038e6e24003a1', 'Siswa', 'S-001', '', 'Aktif'),
('181910087', '26847a6759d7e4e1d408af50550038e6e24003a1', 'Siswa', 'S-001', '', 'Aktif'),
('181910088', '26847a6759d7e4e1d408af50550038e6e24003a1', 'Siswa', 'S-001', '', 'Aktif'),
('181910089', '26847a6759d7e4e1d408af50550038e6e24003a1', 'Siswa', 'S-001', '', 'Aktif'),
('181910090', '26847a6759d7e4e1d408af50550038e6e24003a1', 'Siswa', 'S-001', '', 'Aktif'),
('181910091', '26847a6759d7e4e1d408af50550038e6e24003a1', 'Siswa', 'S-001', '', 'Aktif'),
('181910093', '26847a6759d7e4e1d408af50550038e6e24003a1', 'Siswa', 'S-001', '', 'Aktif'),
('181910094', '26847a6759d7e4e1d408af50550038e6e24003a1', 'Siswa', 'S-001', '', 'Aktif'),
('181910095', '26847a6759d7e4e1d408af50550038e6e24003a1', 'Siswa', 'S-001', '', 'Aktif'),
('181910096', '26847a6759d7e4e1d408af50550038e6e24003a1', 'Siswa', 'S-001', '', 'Aktif'),
('181910097', '26847a6759d7e4e1d408af50550038e6e24003a1', 'Siswa', 'S-001', '', 'Aktif'),
('181910098', '26847a6759d7e4e1d408af50550038e6e24003a1', 'Siswa', 'S-001', '', 'Aktif'),
('181910099', '26847a6759d7e4e1d408af50550038e6e24003a1', 'Siswa', 'S-001', '', 'Aktif'),
('181910100', '26847a6759d7e4e1d408af50550038e6e24003a1', 'Siswa', 'S-001', '', 'Aktif'),
('181910101', '26847a6759d7e4e1d408af50550038e6e24003a1', 'Siswa', 'S-001', '', 'Aktif'),
('181910102', '26847a6759d7e4e1d408af50550038e6e24003a1', 'Siswa', 'S-001', '', 'Aktif'),
('181910103', '26847a6759d7e4e1d408af50550038e6e24003a1', 'Siswa', 'S-001', '', 'Aktif'),
('181910104', '26847a6759d7e4e1d408af50550038e6e24003a1', 'Siswa', 'S-001', '', 'Aktif'),
('181910105', '26847a6759d7e4e1d408af50550038e6e24003a1', 'Siswa', 'S-001', '', 'Aktif'),
('181910106', '26847a6759d7e4e1d408af50550038e6e24003a1', 'Siswa', 'S-001', '', 'Aktif'),
('181910107', '26847a6759d7e4e1d408af50550038e6e24003a1', 'Siswa', 'S-001', '', 'Aktif'),
('181910108', '26847a6759d7e4e1d408af50550038e6e24003a1', 'Siswa', 'S-001', '', 'Aktif'),
('181910110', '26847a6759d7e4e1d408af50550038e6e24003a1', 'Siswa', 'S-001', '', 'Aktif'),
('181910111', '26847a6759d7e4e1d408af50550038e6e24003a1', 'Siswa', 'S-001', '', 'Aktif'),
('181910112', '26847a6759d7e4e1d408af50550038e6e24003a1', 'Siswa', 'S-001', '', 'Aktif'),
('181910113', '26847a6759d7e4e1d408af50550038e6e24003a1', 'Siswa', 'S-001', '', 'Aktif'),
('181910114', '26847a6759d7e4e1d408af50550038e6e24003a1', 'Siswa', 'S-001', '', 'Aktif'),
('181910115', '26847a6759d7e4e1d408af50550038e6e24003a1', 'Siswa', 'S-001', '', 'Aktif'),
('181910116', '26847a6759d7e4e1d408af50550038e6e24003a1', 'Siswa', 'S-001', '', 'Aktif'),
('181910117', '26847a6759d7e4e1d408af50550038e6e24003a1', 'Siswa', 'S-001', '', 'Aktif'),
('181910118', '26847a6759d7e4e1d408af50550038e6e24003a1', 'Siswa', 'S-001', '', 'Aktif'),
('181910119', '26847a6759d7e4e1d408af50550038e6e24003a1', 'Siswa', 'S-001', '', 'Aktif'),
('181910120', '26847a6759d7e4e1d408af50550038e6e24003a1', 'Siswa', 'S-001', '', 'Aktif'),
('181910121', '26847a6759d7e4e1d408af50550038e6e24003a1', 'Siswa', 'S-001', '', 'Aktif'),
('181910122', '26847a6759d7e4e1d408af50550038e6e24003a1', 'Siswa', 'S-001', '', 'Aktif'),
('181910123', '26847a6759d7e4e1d408af50550038e6e24003a1', 'Siswa', 'S-001', '', 'Aktif'),
('181910124', '26847a6759d7e4e1d408af50550038e6e24003a1', 'Siswa', 'S-001', '', 'Aktif'),
('181910125', '26847a6759d7e4e1d408af50550038e6e24003a1', 'Siswa', 'S-001', '', 'Aktif'),
('181910126', '26847a6759d7e4e1d408af50550038e6e24003a1', 'Siswa', 'S-001', '', 'Aktif'),
('181910127', '26847a6759d7e4e1d408af50550038e6e24003a1', 'Siswa', 'S-001', '', 'Aktif'),
('181910128', '26847a6759d7e4e1d408af50550038e6e24003a1', 'Siswa', 'S-001', '', 'Aktif'),
('181910129', '26847a6759d7e4e1d408af50550038e6e24003a1', 'Siswa', 'S-001', '', 'Aktif'),
('181910130', '26847a6759d7e4e1d408af50550038e6e24003a1', 'Siswa', 'S-001', '', 'Aktif'),
('181910131', '26847a6759d7e4e1d408af50550038e6e24003a1', 'Siswa', 'S-001', '', 'Aktif'),
('181910132', '26847a6759d7e4e1d408af50550038e6e24003a1', 'Siswa', 'S-001', '', 'Aktif'),
('181910134', '26847a6759d7e4e1d408af50550038e6e24003a1', 'Siswa', 'S-001', '', 'Aktif'),
('181910135', '26847a6759d7e4e1d408af50550038e6e24003a1', 'Siswa', 'S-001', '', 'Aktif'),
('181910136', '26847a6759d7e4e1d408af50550038e6e24003a1', 'Siswa', 'S-001', '', 'Aktif'),
('181910137', '26847a6759d7e4e1d408af50550038e6e24003a1', 'Siswa', 'S-001', '', 'Aktif'),
('181910138', '26847a6759d7e4e1d408af50550038e6e24003a1', 'Siswa', 'S-001', '', 'Aktif'),
('181910139', '26847a6759d7e4e1d408af50550038e6e24003a1', 'Siswa', 'S-001', '', 'Aktif'),
('181910140', '26847a6759d7e4e1d408af50550038e6e24003a1', 'Siswa', 'S-001', '', 'Aktif'),
('181910141', '26847a6759d7e4e1d408af50550038e6e24003a1', 'Siswa', 'S-001', '', 'Aktif'),
('181910142', '26847a6759d7e4e1d408af50550038e6e24003a1', 'Siswa', 'S-001', '', 'Aktif'),
('181910144', '26847a6759d7e4e1d408af50550038e6e24003a1', 'Siswa', 'S-001', '', 'Aktif'),
('181910145', '26847a6759d7e4e1d408af50550038e6e24003a1', 'Siswa', 'S-001', '', 'Aktif'),
('181910146', '26847a6759d7e4e1d408af50550038e6e24003a1', 'Siswa', 'S-001', '', 'Aktif'),
('181910147', '26847a6759d7e4e1d408af50550038e6e24003a1', 'Siswa', 'S-001', '', 'Aktif'),
('181910148', '26847a6759d7e4e1d408af50550038e6e24003a1', 'Siswa', 'S-001', '', 'Aktif'),
('181910149', '26847a6759d7e4e1d408af50550038e6e24003a1', 'Siswa', 'S-001', '', 'Aktif'),
('181910150', '26847a6759d7e4e1d408af50550038e6e24003a1', 'Siswa', 'S-001', '', 'Aktif'),
('181910151', '26847a6759d7e4e1d408af50550038e6e24003a1', 'Siswa', 'S-001', '', 'Aktif'),
('181910152', '26847a6759d7e4e1d408af50550038e6e24003a1', 'Siswa', 'S-001', '', 'Aktif'),
('181910153', '26847a6759d7e4e1d408af50550038e6e24003a1', 'Siswa', 'S-001', '', 'Aktif'),
('181910154', '26847a6759d7e4e1d408af50550038e6e24003a1', 'Siswa', 'S-001', '', 'Aktif'),
('181910155', '26847a6759d7e4e1d408af50550038e6e24003a1', 'Siswa', 'S-001', '', 'Aktif'),
('181910156', '26847a6759d7e4e1d408af50550038e6e24003a1', 'Siswa', 'S-001', '', 'Aktif'),
('181910158', '26847a6759d7e4e1d408af50550038e6e24003a1', 'Siswa', 'S-001', '', 'Aktif'),
('181910159', '26847a6759d7e4e1d408af50550038e6e24003a1', 'Siswa', 'S-001', '', 'Aktif'),
('181910160', '26847a6759d7e4e1d408af50550038e6e24003a1', 'Siswa', 'S-001', '', 'Aktif'),
('181910161', '26847a6759d7e4e1d408af50550038e6e24003a1', 'Siswa', 'S-001', '', 'Aktif'),
('181910162', '26847a6759d7e4e1d408af50550038e6e24003a1', 'Siswa', 'S-001', '', 'Aktif'),
('181910163', '26847a6759d7e4e1d408af50550038e6e24003a1', 'Siswa', 'S-001', '', 'Aktif'),
('181910164', '26847a6759d7e4e1d408af50550038e6e24003a1', 'Siswa', 'S-001', '', 'Aktif'),
('181910165', '26847a6759d7e4e1d408af50550038e6e24003a1', 'Siswa', 'S-001', '', 'Aktif'),
('181910166', '26847a6759d7e4e1d408af50550038e6e24003a1', 'Siswa', 'S-001', '', 'Aktif'),
('181910167', '26847a6759d7e4e1d408af50550038e6e24003a1', 'Siswa', 'S-001', '', 'Aktif'),
('181910168', '26847a6759d7e4e1d408af50550038e6e24003a1', 'Siswa', 'S-001', '', 'Aktif'),
('181910169', '26847a6759d7e4e1d408af50550038e6e24003a1', 'Siswa', 'S-001', '', 'Aktif'),
('181910170', '26847a6759d7e4e1d408af50550038e6e24003a1', 'Siswa', 'S-001', '', 'Aktif'),
('181910171', '26847a6759d7e4e1d408af50550038e6e24003a1', 'Siswa', 'S-001', '', 'Aktif'),
('181910172', '26847a6759d7e4e1d408af50550038e6e24003a1', 'Siswa', 'S-001', '', 'Aktif'),
('181910173', '26847a6759d7e4e1d408af50550038e6e24003a1', 'Siswa', 'S-001', '', 'Aktif'),
('181910174', '26847a6759d7e4e1d408af50550038e6e24003a1', 'Siswa', 'S-001', '', 'Aktif'),
('181910175', '26847a6759d7e4e1d408af50550038e6e24003a1', 'Siswa', 'S-001', '', 'Aktif'),
('181910176', '26847a6759d7e4e1d408af50550038e6e24003a1', 'Siswa', 'S-001', '', 'Aktif'),
('181910178', '26847a6759d7e4e1d408af50550038e6e24003a1', 'Siswa', 'S-001', '', 'Aktif'),
('181910179', '26847a6759d7e4e1d408af50550038e6e24003a1', 'Siswa', 'S-001', '', 'Aktif'),
('181910180', '26847a6759d7e4e1d408af50550038e6e24003a1', 'Siswa', 'S-001', '', 'Aktif'),
('181910181', '26847a6759d7e4e1d408af50550038e6e24003a1', 'Siswa', 'S-001', '', 'Aktif'),
('181910182', '26847a6759d7e4e1d408af50550038e6e24003a1', 'Siswa', 'S-001', '', 'Aktif'),
('181910183', '26847a6759d7e4e1d408af50550038e6e24003a1', 'Siswa', 'S-001', '', 'Aktif'),
('181910184', '26847a6759d7e4e1d408af50550038e6e24003a1', 'Siswa', 'S-001', '', 'Aktif'),
('181910185', '26847a6759d7e4e1d408af50550038e6e24003a1', 'Siswa', 'S-001', '', 'Aktif'),
('181910186', '26847a6759d7e4e1d408af50550038e6e24003a1', 'Siswa', 'S-001', '', 'Aktif'),
('181910187', '26847a6759d7e4e1d408af50550038e6e24003a1', 'Siswa', 'S-001', '', 'Aktif'),
('181910188', '26847a6759d7e4e1d408af50550038e6e24003a1', 'Siswa', 'S-001', '', 'Aktif'),
('181910189', '26847a6759d7e4e1d408af50550038e6e24003a1', 'Siswa', 'S-001', '', 'Aktif'),
('181910190', '26847a6759d7e4e1d408af50550038e6e24003a1', 'Siswa', 'S-001', '', 'Aktif'),
('181910191', '26847a6759d7e4e1d408af50550038e6e24003a1', 'Siswa', 'S-001', '', 'Aktif'),
('181910192', '26847a6759d7e4e1d408af50550038e6e24003a1', 'Siswa', 'S-001', '', 'Aktif'),
('181910193', '26847a6759d7e4e1d408af50550038e6e24003a1', 'Siswa', 'S-001', '', 'Aktif'),
('181910194', '26847a6759d7e4e1d408af50550038e6e24003a1', 'Siswa', 'S-001', '', 'Aktif'),
('181910195', '26847a6759d7e4e1d408af50550038e6e24003a1', 'Siswa', 'S-001', '', 'Aktif'),
('181910196', '26847a6759d7e4e1d408af50550038e6e24003a1', 'Siswa', 'S-001', '', 'Aktif'),
('181910197', '26847a6759d7e4e1d408af50550038e6e24003a1', 'Siswa', 'S-001', '', 'Aktif'),
('181910198', '26847a6759d7e4e1d408af50550038e6e24003a1', 'Siswa', 'S-001', '', 'Aktif'),
('181910199', '26847a6759d7e4e1d408af50550038e6e24003a1', 'Siswa', 'S-001', '', 'Aktif'),
('181910207', '26847a6759d7e4e1d408af50550038e6e24003a1', 'Siswa', 'S-001', '', 'Aktif'),
('181910208', '26847a6759d7e4e1d408af50550038e6e24003a1', 'Siswa', 'S-001', '', 'Aktif'),
('181910209', '26847a6759d7e4e1d408af50550038e6e24003a1', 'Siswa', 'S-001', '', 'Aktif'),
('181911201', '26847a6759d7e4e1d408af50550038e6e24003a1', 'Siswa', 'S-001', '', 'Aktif'),
('181911202', '26847a6759d7e4e1d408af50550038e6e24003a1', 'Siswa', 'S-001', '', 'Aktif'),
('181911203', '26847a6759d7e4e1d408af50550038e6e24003a1', 'Siswa', 'S-001', '', 'Aktif'),
('181911204', '26847a6759d7e4e1d408af50550038e6e24003a1', 'Siswa', 'S-001', '', 'Aktif'),
('181911205', '26847a6759d7e4e1d408af50550038e6e24003a1', 'Siswa', 'S-001', '', 'Aktif'),
('192010001', '26847a6759d7e4e1d408af50550038e6e24003a1', 'Siswa', 'S-001', '', 'Aktif'),
('192010002', '26847a6759d7e4e1d408af50550038e6e24003a1', 'Siswa', 'S-001', '', 'Aktif'),
('192010003', '26847a6759d7e4e1d408af50550038e6e24003a1', 'Siswa', 'S-001', '', 'Aktif'),
('192010004', '26847a6759d7e4e1d408af50550038e6e24003a1', 'Siswa', 'S-001', '', 'Aktif'),
('192010005', '26847a6759d7e4e1d408af50550038e6e24003a1', 'Siswa', 'S-001', '', 'Aktif'),
('192010006', '26847a6759d7e4e1d408af50550038e6e24003a1', 'Siswa', 'S-001', '', 'Aktif'),
('192010007', '26847a6759d7e4e1d408af50550038e6e24003a1', 'Siswa', 'S-001', '', 'Aktif'),
('192010008', '26847a6759d7e4e1d408af50550038e6e24003a1', 'Siswa', 'S-001', '', 'Aktif'),
('192010009', '26847a6759d7e4e1d408af50550038e6e24003a1', 'Siswa', 'S-001', '', 'Aktif'),
('192010010', '26847a6759d7e4e1d408af50550038e6e24003a1', 'Siswa', 'S-001', '', 'Aktif'),
('192010011', '26847a6759d7e4e1d408af50550038e6e24003a1', 'Siswa', 'S-001', '', 'Aktif'),
('192010012', '26847a6759d7e4e1d408af50550038e6e24003a1', 'Siswa', 'S-001', '', 'Aktif'),
('192010013', '26847a6759d7e4e1d408af50550038e6e24003a1', 'Siswa', 'S-001', '', 'Aktif'),
('192010014', '26847a6759d7e4e1d408af50550038e6e24003a1', 'Siswa', 'S-001', '', 'Aktif'),
('192010015', '26847a6759d7e4e1d408af50550038e6e24003a1', 'Siswa', 'S-001', '', 'Aktif'),
('192010016', '26847a6759d7e4e1d408af50550038e6e24003a1', 'Siswa', 'S-001', '', 'Aktif'),
('192010017', '26847a6759d7e4e1d408af50550038e6e24003a1', 'Siswa', 'S-001', '', 'Aktif'),
('192010018', '26847a6759d7e4e1d408af50550038e6e24003a1', 'Siswa', 'S-001', '', 'Aktif'),
('192010019', '26847a6759d7e4e1d408af50550038e6e24003a1', 'Siswa', 'S-001', '', 'Aktif'),
('192010020', '26847a6759d7e4e1d408af50550038e6e24003a1', 'Siswa', 'S-001', '', 'Aktif'),
('192010021', '26847a6759d7e4e1d408af50550038e6e24003a1', 'Siswa', 'S-001', '', 'Aktif'),
('192010022', '26847a6759d7e4e1d408af50550038e6e24003a1', 'Siswa', 'S-001', '', 'Aktif'),
('192010023', '26847a6759d7e4e1d408af50550038e6e24003a1', 'Siswa', 'S-001', '', 'Aktif'),
('192010024', '26847a6759d7e4e1d408af50550038e6e24003a1', 'Siswa', 'S-001', '', 'Aktif'),
('192010025', '26847a6759d7e4e1d408af50550038e6e24003a1', 'Siswa', 'S-001', '', 'Aktif'),
('192010026', '26847a6759d7e4e1d408af50550038e6e24003a1', 'Siswa', 'S-001', '', 'Aktif'),
('192010027', '26847a6759d7e4e1d408af50550038e6e24003a1', 'Siswa', 'S-001', '', 'Aktif'),
('192010028', '26847a6759d7e4e1d408af50550038e6e24003a1', 'Siswa', 'S-001', '', 'Aktif'),
('192010029', '26847a6759d7e4e1d408af50550038e6e24003a1', 'Siswa', 'S-001', '', 'Aktif'),
('192010030', '26847a6759d7e4e1d408af50550038e6e24003a1', 'Siswa', 'S-001', '', 'Aktif'),
('192010031', '26847a6759d7e4e1d408af50550038e6e24003a1', 'Siswa', 'S-001', '', 'Aktif'),
('192010032', '26847a6759d7e4e1d408af50550038e6e24003a1', 'Siswa', 'S-001', '', 'Aktif'),
('192010033', '26847a6759d7e4e1d408af50550038e6e24003a1', 'Siswa', 'S-001', '', 'Aktif'),
('192010034', '26847a6759d7e4e1d408af50550038e6e24003a1', 'Siswa', 'S-001', '', 'Aktif'),
('192010035', '26847a6759d7e4e1d408af50550038e6e24003a1', 'Siswa', 'S-001', '', 'Aktif'),
('192010036', '26847a6759d7e4e1d408af50550038e6e24003a1', 'Siswa', 'S-001', '', 'Aktif'),
('192010037', '26847a6759d7e4e1d408af50550038e6e24003a1', 'Siswa', 'S-001', '', 'Aktif'),
('192010038', '26847a6759d7e4e1d408af50550038e6e24003a1', 'Siswa', 'S-001', '', 'Aktif'),
('192010039', '26847a6759d7e4e1d408af50550038e6e24003a1', 'Siswa', 'S-001', '', 'Aktif'),
('192010040', '26847a6759d7e4e1d408af50550038e6e24003a1', 'Siswa', 'S-001', '', 'Aktif'),
('192010041', '26847a6759d7e4e1d408af50550038e6e24003a1', 'Siswa', 'S-001', '', 'Aktif'),
('192010042', '26847a6759d7e4e1d408af50550038e6e24003a1', 'Siswa', 'S-001', '', 'Aktif'),
('192010043', '26847a6759d7e4e1d408af50550038e6e24003a1', 'Siswa', 'S-001', '', 'Aktif'),
('192010044', '26847a6759d7e4e1d408af50550038e6e24003a1', 'Siswa', 'S-001', '', 'Aktif'),
('192010045', '26847a6759d7e4e1d408af50550038e6e24003a1', 'Siswa', 'S-001', '', 'Aktif'),
('192010046', '26847a6759d7e4e1d408af50550038e6e24003a1', 'Siswa', 'S-001', '', 'Aktif'),
('192010047', '26847a6759d7e4e1d408af50550038e6e24003a1', 'Siswa', 'S-001', '', 'Aktif'),
('192010048', '26847a6759d7e4e1d408af50550038e6e24003a1', 'Siswa', 'S-001', '', 'Aktif'),
('192010049', '26847a6759d7e4e1d408af50550038e6e24003a1', 'Siswa', 'S-001', '', 'Aktif'),
('192010050', '26847a6759d7e4e1d408af50550038e6e24003a1', 'Siswa', 'S-001', '', 'Aktif'),
('192010051', '26847a6759d7e4e1d408af50550038e6e24003a1', 'Siswa', 'S-001', '', 'Aktif'),
('192010052', '26847a6759d7e4e1d408af50550038e6e24003a1', 'Siswa', 'S-001', '', 'Aktif'),
('192010053', '26847a6759d7e4e1d408af50550038e6e24003a1', 'Siswa', 'S-001', '', 'Aktif'),
('192010054', '26847a6759d7e4e1d408af50550038e6e24003a1', 'Siswa', 'S-001', '', 'Aktif'),
('192010055', '26847a6759d7e4e1d408af50550038e6e24003a1', 'Siswa', 'S-001', '', 'Aktif'),
('192010056', '26847a6759d7e4e1d408af50550038e6e24003a1', 'Siswa', 'S-001', '', 'Aktif'),
('192010057', '26847a6759d7e4e1d408af50550038e6e24003a1', 'Siswa', 'S-001', '', 'Aktif'),
('192010058', '26847a6759d7e4e1d408af50550038e6e24003a1', 'Siswa', 'S-001', '', 'Aktif'),
('192010059', '26847a6759d7e4e1d408af50550038e6e24003a1', 'Siswa', 'S-001', '', 'Aktif'),
('192010060', '26847a6759d7e4e1d408af50550038e6e24003a1', 'Siswa', 'S-001', '', 'Aktif'),
('192010061', '26847a6759d7e4e1d408af50550038e6e24003a1', 'Siswa', 'S-001', '', 'Aktif'),
('192010062', '26847a6759d7e4e1d408af50550038e6e24003a1', 'Siswa', 'S-001', '', 'Aktif'),
('192010063', '26847a6759d7e4e1d408af50550038e6e24003a1', 'Siswa', 'S-001', '', 'Aktif'),
('192010064', '26847a6759d7e4e1d408af50550038e6e24003a1', 'Siswa', 'S-001', '', 'Aktif'),
('192010065', '26847a6759d7e4e1d408af50550038e6e24003a1', 'Siswa', 'S-001', '', 'Aktif'),
('192010066', '26847a6759d7e4e1d408af50550038e6e24003a1', 'Siswa', 'S-001', '', 'Aktif'),
('192010067', '26847a6759d7e4e1d408af50550038e6e24003a1', 'Siswa', 'S-001', '', 'Aktif'),
('192010068', '26847a6759d7e4e1d408af50550038e6e24003a1', 'Siswa', 'S-001', '', 'Aktif'),
('192010069', '26847a6759d7e4e1d408af50550038e6e24003a1', 'Siswa', 'S-001', '', 'Aktif'),
('192010070', '26847a6759d7e4e1d408af50550038e6e24003a1', 'Siswa', 'S-001', '', 'Aktif'),
('192010071', '26847a6759d7e4e1d408af50550038e6e24003a1', 'Siswa', 'S-001', '', 'Aktif'),
('192010072', '26847a6759d7e4e1d408af50550038e6e24003a1', 'Siswa', 'S-001', '', 'Aktif'),
('192010073', '26847a6759d7e4e1d408af50550038e6e24003a1', 'Siswa', 'S-001', '', 'Aktif'),
('192010074', '26847a6759d7e4e1d408af50550038e6e24003a1', 'Siswa', 'S-001', '', 'Aktif'),
('192010075', '26847a6759d7e4e1d408af50550038e6e24003a1', 'Siswa', 'S-001', '', 'Aktif'),
('192010076', '26847a6759d7e4e1d408af50550038e6e24003a1', 'Siswa', 'S-001', '', 'Aktif'),
('192010077', '26847a6759d7e4e1d408af50550038e6e24003a1', 'Siswa', 'S-001', '', 'Aktif'),
('192010078', '26847a6759d7e4e1d408af50550038e6e24003a1', 'Siswa', 'S-001', '', 'Aktif'),
('192010079', '26847a6759d7e4e1d408af50550038e6e24003a1', 'Siswa', 'S-001', '', 'Aktif'),
('192010080', '26847a6759d7e4e1d408af50550038e6e24003a1', 'Siswa', 'S-001', '', 'Aktif'),
('192010081', '26847a6759d7e4e1d408af50550038e6e24003a1', 'Siswa', 'S-001', '', 'Aktif'),
('192010082', '26847a6759d7e4e1d408af50550038e6e24003a1', 'Siswa', 'S-001', '', 'Aktif'),
('192010083', '26847a6759d7e4e1d408af50550038e6e24003a1', 'Siswa', 'S-001', '', 'Aktif'),
('192010084', '26847a6759d7e4e1d408af50550038e6e24003a1', 'Siswa', 'S-001', '', 'Aktif'),
('192010085', '26847a6759d7e4e1d408af50550038e6e24003a1', 'Siswa', 'S-001', '', 'Aktif'),
('192010086', '26847a6759d7e4e1d408af50550038e6e24003a1', 'Siswa', 'S-001', '', 'Aktif'),
('192010087', '26847a6759d7e4e1d408af50550038e6e24003a1', 'Siswa', 'S-001', '', 'Aktif'),
('192010088', '26847a6759d7e4e1d408af50550038e6e24003a1', 'Siswa', 'S-001', '', 'Aktif'),
('192010089', '26847a6759d7e4e1d408af50550038e6e24003a1', 'Siswa', 'S-001', '', 'Aktif'),
('192010090', '26847a6759d7e4e1d408af50550038e6e24003a1', 'Siswa', 'S-001', '', 'Aktif'),
('192010091', '26847a6759d7e4e1d408af50550038e6e24003a1', 'Siswa', 'S-001', '', 'Aktif'),
('192010092', '26847a6759d7e4e1d408af50550038e6e24003a1', 'Siswa', 'S-001', '', 'Aktif'),
('192010093', '26847a6759d7e4e1d408af50550038e6e24003a1', 'Siswa', 'S-001', '', 'Aktif'),
('192010094', '26847a6759d7e4e1d408af50550038e6e24003a1', 'Siswa', 'S-001', '', 'Aktif'),
('192010095', '26847a6759d7e4e1d408af50550038e6e24003a1', 'Siswa', 'S-001', '', 'Aktif'),
('192010096', '26847a6759d7e4e1d408af50550038e6e24003a1', 'Siswa', 'S-001', '', 'Aktif'),
('192010097', '26847a6759d7e4e1d408af50550038e6e24003a1', 'Siswa', 'S-001', '', 'Aktif'),
('192010098', '26847a6759d7e4e1d408af50550038e6e24003a1', 'Siswa', 'S-001', '', 'Aktif'),
('192010099', '26847a6759d7e4e1d408af50550038e6e24003a1', 'Siswa', 'S-001', '', 'Aktif'),
('192010100', '26847a6759d7e4e1d408af50550038e6e24003a1', 'Siswa', 'S-001', '', 'Aktif'),
('192010101', '26847a6759d7e4e1d408af50550038e6e24003a1', 'Siswa', 'S-001', '', 'Aktif'),
('192010102', '26847a6759d7e4e1d408af50550038e6e24003a1', 'Siswa', 'S-001', '', 'Aktif'),
('192010103', '26847a6759d7e4e1d408af50550038e6e24003a1', 'Siswa', 'S-001', '', 'Aktif'),
('192010104', '26847a6759d7e4e1d408af50550038e6e24003a1', 'Siswa', 'S-001', '', 'Aktif'),
('192010105', '26847a6759d7e4e1d408af50550038e6e24003a1', 'Siswa', 'S-001', '', 'Aktif'),
('192010106', '26847a6759d7e4e1d408af50550038e6e24003a1', 'Siswa', 'S-001', '', 'Aktif'),
('192010107', '26847a6759d7e4e1d408af50550038e6e24003a1', 'Siswa', 'S-001', '', 'Aktif'),
('192010108', '26847a6759d7e4e1d408af50550038e6e24003a1', 'Siswa', 'S-001', '', 'Aktif'),
('192010109', '26847a6759d7e4e1d408af50550038e6e24003a1', 'Siswa', 'S-001', '', 'Aktif'),
('192010110', '26847a6759d7e4e1d408af50550038e6e24003a1', 'Siswa', 'S-001', '', 'Aktif'),
('192010111', '26847a6759d7e4e1d408af50550038e6e24003a1', 'Siswa', 'S-001', '', 'Aktif'),
('192010112', '26847a6759d7e4e1d408af50550038e6e24003a1', 'Siswa', 'S-001', '', 'Aktif'),
('192010113', '26847a6759d7e4e1d408af50550038e6e24003a1', 'Siswa', 'S-001', '', 'Aktif'),
('192010114', '26847a6759d7e4e1d408af50550038e6e24003a1', 'Siswa', 'S-001', '', 'Aktif'),
('192010115', '26847a6759d7e4e1d408af50550038e6e24003a1', 'Siswa', 'S-001', '', 'Aktif'),
('192010116', '26847a6759d7e4e1d408af50550038e6e24003a1', 'Siswa', 'S-001', '', 'Aktif'),
('192010117', '26847a6759d7e4e1d408af50550038e6e24003a1', 'Siswa', 'S-001', '', 'Aktif'),
('192010118', '26847a6759d7e4e1d408af50550038e6e24003a1', 'Siswa', 'S-001', '', 'Aktif'),
('192010119', '26847a6759d7e4e1d408af50550038e6e24003a1', 'Siswa', 'S-001', '', 'Aktif'),
('192010120', '26847a6759d7e4e1d408af50550038e6e24003a1', 'Siswa', 'S-001', '', 'Aktif'),
('192010122', '26847a6759d7e4e1d408af50550038e6e24003a1', 'Siswa', 'S-001', '', 'Aktif'),
('192010123', '26847a6759d7e4e1d408af50550038e6e24003a1', 'Siswa', 'S-001', '', 'Aktif'),
('192010124', '26847a6759d7e4e1d408af50550038e6e24003a1', 'Siswa', 'S-001', '', 'Aktif'),
('192010125', '26847a6759d7e4e1d408af50550038e6e24003a1', 'Siswa', 'S-001', '', 'Aktif'),
('192010126', '26847a6759d7e4e1d408af50550038e6e24003a1', 'Siswa', 'S-001', '', 'Aktif'),
('192010127', '26847a6759d7e4e1d408af50550038e6e24003a1', 'Siswa', 'S-001', '', 'Aktif'),
('192010128', '26847a6759d7e4e1d408af50550038e6e24003a1', 'Siswa', 'S-001', '', 'Aktif'),
('192010129', '26847a6759d7e4e1d408af50550038e6e24003a1', 'Siswa', 'S-001', '', 'Aktif'),
('192010130', '26847a6759d7e4e1d408af50550038e6e24003a1', 'Siswa', 'S-001', '', 'Aktif'),
('192010131', '26847a6759d7e4e1d408af50550038e6e24003a1', 'Siswa', 'S-001', '', 'Aktif'),
('192010132', '26847a6759d7e4e1d408af50550038e6e24003a1', 'Siswa', 'S-001', '', 'Aktif'),
('192010133', '26847a6759d7e4e1d408af50550038e6e24003a1', 'Siswa', 'S-001', '', 'Aktif'),
('192011134', '26847a6759d7e4e1d408af50550038e6e24003a1', 'Siswa', 'S-001', '', 'Aktif'),
('19221', 'd09aff9d36b35b98d91fdef48e5a8908bb1c8111', 'Guru', 'S-001', '', 'Aktif'),
('20131001', 'd09aff9d36b35b98d91fdef48e5a8908bb1c8111', 'Guru', 'S-001', '', 'Aktif'),
('20131002', 'd09aff9d36b35b98d91fdef48e5a8908bb1c8111', 'Guru', 'S-001', '', 'Aktif'),
('A001', 'd927f1406784e20193010d835df56f494cf9c7b6', 'Admin', 'S-001', '', 'Aktif'),
('A003', '5bc1d1e828901f38030dcea45cf0ed616098ddb2', 'Admin', 'S-001', '', 'Aktif');

-- --------------------------------------------------------

--
-- Table structure for table `tbl_sekolah`
--

CREATE TABLE `tbl_sekolah` (
  `id_sekolah` varchar(10) NOT NULL,
  `nama_sekolah` text NOT NULL,
  `alamat` text NOT NULL,
  `tahun_ajaran` varchar(15) NOT NULL,
  `status` set('Y','T') NOT NULL,
  `logo` text NOT NULL,
  `frame` text NOT NULL
) ENGINE=InnoDB DEFAULT CHARSET=latin1 COLLATE=latin1_swedish_ci;

--
-- Dumping data for table `tbl_sekolah`
--

INSERT INTO `tbl_sekolah` (`id_sekolah`, `nama_sekolah`, `alamat`, `tahun_ajaran`, `status`, `logo`, `frame`) VALUES
('001', 'School Voting Bandung', 'Disini', '2019', 'Y', 'logo.png', ''),
('S-001', 'SMK Sangkuriang 1 Cimahi', 'Jalan Sangkuriang No 76 Cimahi', '2023/2024', 'Y', 'S-001.png', 'S-001.png');

-- --------------------------------------------------------

--
-- Table structure for table `tbl_siswa`
--

CREATE TABLE `tbl_siswa` (
  `nis` varchar(10) NOT NULL,
  `id_sekolah` varchar(10) NOT NULL,
  `nama` text NOT NULL,
  `jk` enum('L','P') NOT NULL,
  `kelas` varchar(10) NOT NULL,
  `foto` text NOT NULL,
  `status` enum('Y','T') NOT NULL DEFAULT 'T'
) ENGINE=InnoDB DEFAULT CHARSET=latin1 COLLATE=latin1_swedish_ci;

--
-- Dumping data for table `tbl_siswa`
--

INSERT INTO `tbl_siswa` (`nis`, `id_sekolah`, `nama`, `jk`, `kelas`, `foto`, `status`) VALUES
('116012431', 'S-001', 'Azrial Abqary Filzer', 'L', 'XII RPL A', 'user_laki.png', 'T'),
('116012452', 'S-001', 'Ade Setiadi', 'L', 'XII MOA', 'user_laki.png', 'T'),
('117012536', 'S-001', 'Agung Gunawan', 'L', 'XII LA', 'user_laki.png', 'T'),
('117012537', 'S-001', 'Alif Fauzi Ahmad', 'L', 'XII LA', 'user_laki.png', 'T'),
('117012538', 'S-001', 'Angga Aditiya', 'L', 'XII LA', 'user_laki.png', 'T'),
('117012540', 'S-001', 'Candra Darwanto', 'L', 'XII LA', 'user_laki.png', 'T'),
('117012541', 'S-001', 'Devita Fatimah', 'P', 'XII LA', 'user_perempuan.png', 'T'),
('117012542', 'S-001', 'Eri Athabrani', 'P', 'XII LA', 'user_perempuan.png', 'T'),
('117012543', 'S-001', 'Fadilah Salsabila', 'P', 'XII LA', 'user_perempuan.png', 'T'),
('117012544', 'S-001', 'Fahruly Nizam Achmar', 'L', 'XII LA', 'user_laki.png', 'T'),
('117012546', 'S-001', 'Mika Desrrifa Dwi Rahmawati', 'P', 'XII LA', 'user_perempuan.png', 'T'),
('117012547', 'S-001', 'Mochamad Adam Rizky', 'L', 'XII LA', 'user_laki.png', 'T'),
('117012548', 'S-001', 'Mohammad Reza Sepdian', 'L', 'XII LA', 'user_laki.png', 'T'),
('117012549', 'S-001', 'Muhammad Fauzi Hendrawan', 'L', 'XII LA', 'user_laki.png', 'T'),
('117012550', 'S-001', 'Muhhamad Rizki Renaldi', 'L', 'XII LA', 'user_laki.png', 'T'),
('117012551', 'S-001', 'Naufal Yulianto', 'L', 'XII LA', 'user_laki.png', 'T'),
('117012552', 'S-001', 'Raden Muhammad Nurrizky', 'L', 'XII LA', 'user_laki.png', 'T'),
('117012553', 'S-001', 'Radittya Zyko Angga Reksa', 'L', 'XII LA', 'user_laki.png', 'T'),
('117012554', 'S-001', 'Regi Yoga Pramana', 'L', 'XII LA', 'user_laki.png', 'T'),
('117012555', 'S-001', 'Renaldi Abdul Fajar', 'L', 'XII LA', 'user_laki.png', 'T'),
('117012556', 'S-001', 'Susi Rahmawati', 'P', 'XII LA', 'user_perempuan.png', 'T'),
('117012557', 'S-001', 'Wempi Sebastian B', 'L', 'XII LA', 'user_laki.png', 'T'),
('117012558', 'S-001', 'Wildan Janwar', 'L', 'XII LA', 'user_laki.png', 'T'),
('117012559', 'S-001', 'Yeni Apriyani', 'P', 'XII LA', 'user_perempuan.png', 'T'),
('117012560', 'S-001', 'Amalia Wulandari', 'P', 'XII LB', 'user_perempuan.png', 'T'),
('117012561', 'S-001', 'Aria Fadhila Hakim', 'L', 'XII LB', 'user_laki.png', 'T'),
('117012562', 'S-001', 'Ariel Ismail', 'L', 'XII LB', 'user_laki.png', 'T'),
('117012563', 'S-001', 'Aris Adiputra', 'L', 'XII LB', 'user_laki.png', 'T'),
('117012564', 'S-001', 'Azis Al Ridwan', 'L', 'XII LB', 'user_laki.png', 'T'),
('117012565', 'S-001', 'Dewi Vernia Fitega', 'P', 'XII LB', 'user_perempuan.png', 'T'),
('117012566', 'S-001', 'Dicky Muhamad Rafli', 'L', 'XII LB', 'user_laki.png', 'T'),
('117012567', 'S-001', 'Fikri Nur Firmansyah', 'L', 'XII LB', 'user_laki.png', 'T'),
('117012568', 'S-001', 'Firman Nurdhiansyah', 'L', 'XII LB', 'user_laki.png', 'T'),
('117012569', 'S-001', 'Hildan Ferdiansyah', 'L', 'XII LB', 'user_laki.png', 'T'),
('117012570', 'S-001', 'Juwita Manalu', 'P', 'XII LB', 'user_perempuan.png', 'T'),
('117012571', 'S-001', 'Lailan Fatlan Ramadhan', 'L', 'XII LB', 'user_laki.png', 'T'),
('117012572', 'S-001', 'Muhammad Hasan Lutfi', 'L', 'XII LB', 'user_laki.png', 'T'),
('117012573', 'S-001', 'Muhammad Ismail Assobri', 'L', 'XII LB', 'user_laki.png', 'T'),
('117012574', 'S-001', 'Nia Rohmawati', 'P', 'XII LB', 'user_perempuan.png', 'T'),
('117012575', 'S-001', 'Raden Yoga Angka Wijaya', 'L', 'XII LB', 'user_laki.png', 'T'),
('117012576', 'S-001', 'Rully Prayoga', 'L', 'XII LB', 'user_laki.png', 'T'),
('117012577', 'S-001', 'Ryan Hendriyansyah', 'L', 'XII LB', 'user_laki.png', 'T'),
('117012578', 'S-001', 'Shepia Paulina', 'P', 'XII LB', 'user_perempuan.png', 'T'),
('117012579', 'S-001', 'Wildan Rahmanto', 'L', 'XII LB', 'user_laki.png', 'T'),
('117012580', 'S-001', 'Wildan Taufik A', 'L', 'XII LB', 'user_laki.png', 'T'),
('117012581', 'S-001', 'Yandi Maulana Sopian', 'L', 'XII LB', 'user_laki.png', 'T'),
('117012583', 'S-001', 'Abdul Azis', 'L', 'XII MIA', 'user_laki.png', 'T'),
('117012584', 'S-001', 'Afrialdi Putra Ambadar', 'L', 'XII MIA', 'user_laki.png', 'T'),
('117012585', 'S-001', 'Ahmad Indrawan', 'L', 'XII MIA', 'user_laki.png', 'T'),
('117012586', 'S-001', 'Andika Rohman Pratama', 'L', 'XII MIA', 'user_laki.png', 'T'),
('117012587', 'S-001', 'Ade Riswanto', 'L', 'XII MIA', 'user_laki.png', 'T'),
('117012588', 'S-001', 'Andre Rizal Rifaldi', 'L', 'XII MIA', 'user_laki.png', 'T'),
('117012590', 'S-001', 'Arya Chandra Wiguna', 'L', 'XII MIA', 'user_laki.png', 'T'),
('117012591', 'S-001', 'Bagus Nugroho', 'L', 'XII MIA', 'user_laki.png', 'T'),
('117012592', 'S-001', 'Budi Santoso', 'L', 'XII MIA', 'user_laki.png', 'T'),
('117012593', 'S-001', 'Dandry Gardenaddy Solihin', 'L', 'XII MIA', 'user_laki.png', 'T'),
('117012594', 'S-001', 'Fadly Fadilah', 'L', 'XII MIA', 'user_laki.png', 'T'),
('117012595', 'S-001', 'Hadi Nugraha', 'L', 'XII MIA', 'user_laki.png', 'T'),
('117012596', 'S-001', 'Mario Pintu Batu', 'L', 'XII MIA', 'user_laki.png', 'T'),
('117012597', 'S-001', 'Mikael Brema Ginting', 'L', 'XII MIA', 'user_laki.png', 'T'),
('117012598', 'S-001', 'Muhamad Sani Multazam', 'L', 'XII MIA', 'user_laki.png', 'T'),
('117012599', 'S-001', 'Muhammad Al Farizhi A', 'L', 'XII MIA', 'user_laki.png', 'T'),
('117012600', 'S-001', 'Muhammad Alvin Maulana P P.', 'L', 'XII MIA', 'user_laki.png', 'T'),
('117012601', 'S-001', 'Nirza Wildan R', 'L', 'XII MIA', 'user_laki.png', 'T'),
('117012602', 'S-001', 'Rafli Febriansyah Sutisna', 'L', 'XII MIA', 'user_laki.png', 'T'),
('117012603', 'S-001', 'Raka Saputra', 'L', 'XII MIA', 'user_laki.png', 'T'),
('117012604', 'S-001', 'Raul Angga Muhammad Nur', 'L', 'XII MIA', 'user_laki.png', 'T'),
('117012605', 'S-001', 'Ridwan Dimas Pratama', 'L', 'XII MIA', 'user_laki.png', 'T'),
('117012606', 'S-001', 'Rizki Agustianto', 'L', 'XII MIA', 'user_laki.png', 'T'),
('117012607', 'S-001', 'Sanjaya', 'L', 'XII MIA', 'user_laki.png', 'T'),
('117012608', 'S-001', 'Valen Pramudithya Haryanto', 'L', 'XII MIA', 'user_laki.png', 'T'),
('117012609', 'S-001', 'Zakaria Anwari Assyidik', 'L', 'XII MIA', 'user_laki.png', 'T'),
('117012610', 'S-001', 'Abu Fahri Somadani', 'L', 'XII MIB', 'user_laki.png', 'T'),
('117012611', 'S-001', 'Ahmad Fauzan', 'L', 'XII MIB', 'user_laki.png', 'T'),
('117012612', 'S-001', 'Anang Jayakusuma', 'L', 'XII MIB', 'user_laki.png', 'T'),
('117012613', 'S-001', 'Andika Pria Nursandi', 'L', 'XII MIB', 'user_laki.png', 'T'),
('117012614', 'S-001', 'Andika Rahmawan', 'L', 'XII MIB', 'user_laki.png', 'T'),
('117012616', 'S-001', 'Arya Ramdani', 'L', 'XII MIB', 'user_laki.png', 'T'),
('117012617', 'S-001', 'Bayu Dwi Anggoro', 'L', 'XII MIB', 'user_laki.png', 'T'),
('117012618', 'S-001', 'Doni Fadilah Saputra', 'L', 'XII MIB', 'user_laki.png', 'T'),
('117012619', 'S-001', 'Fikri Prasetiyo', 'L', 'XII MIB', 'user_laki.png', 'T'),
('117012620', 'S-001', 'Govin Jurianto Winanda', 'L', 'XII MIB', 'user_laki.png', 'T'),
('117012624', 'S-001', 'Mochammad Arrizza Hermawan', 'L', 'XII MIB', 'user_laki.png', 'T'),
('117012625', 'S-001', 'Muhamad Permana Sidik', 'L', 'XII MIB', 'user_laki.png', 'T'),
('117012626', 'S-001', 'Muhammad Mirsya R.F', 'L', 'XII MIB', 'user_laki.png', 'T'),
('117012627', 'S-001', 'Muhamad Rizal Alpazi', 'L', 'XII MIB', 'user_laki.png', 'T'),
('117012628', 'S-001', 'Pradika Kumara', 'L', 'XII MIB', 'user_laki.png', 'T'),
('117012629', 'S-001', 'Rachmad Harunanda R', 'L', 'XII MIB', 'user_laki.png', 'T'),
('117012632', 'S-001', 'Raul Ogi Tristanto', 'L', 'XII MIB', 'user_laki.png', 'T'),
('117012633', 'S-001', 'Rizqi Firdaus Pratama', 'L', 'XII MIB', 'user_laki.png', 'T'),
('117012634', 'S-001', 'Sutan Arif Pradana', 'L', 'XII MIB', 'user_laki.png', 'T'),
('117012635', 'S-001', 'Teguh Agung Pratama', 'L', 'XII MIB', 'user_laki.png', 'T'),
('117012636', 'S-001', 'Zulganan Lubis', 'L', 'XII MIB', 'user_laki.png', 'T'),
('117012638', 'S-001', 'Agita Sanjaya', 'L', 'XII MOA', 'user_laki.png', 'T'),
('117012639', 'S-001', 'Ahmad Fahrul Solehudin', 'L', 'XII MOB', 'user_laki.png', 'T'),
('117012640', 'S-001', 'Akhsal Sodiikin', 'L', 'XII MOA', 'user_laki.png', 'T'),
('117012642', 'S-001', 'Dik Dik Rasyiidin', 'L', 'XII MOB', 'user_laki.png', 'T'),
('117012644', 'S-001', 'Dzulfikar Anggara ', 'L', 'XII MOA', 'user_laki.png', 'T'),
('117012645', 'S-001', 'Fadjri Rashyid', 'L', 'XII MOB', 'user_laki.png', 'T'),
('117012646', 'S-001', 'Faizal Riyadi', 'L', 'XII MOA', 'user_laki.png', 'T'),
('117012648', 'S-001', 'Ilham Sabirin', 'L', 'XII MOA', 'user_laki.png', 'T'),
('117012649', 'S-001', 'M. Rafli Rifaldi', 'L', 'XII MOB', 'user_laki.png', 'T'),
('117012650', 'S-001', 'Midar Fauzi', 'L', 'XII MOB', 'user_laki.png', 'T'),
('117012651', 'S-001', 'Mochamad Aerlangga Dwi C', 'L', 'XII MOB', 'user_laki.png', 'T'),
('117012652', 'S-001', 'Mohammad Fazly Ramdani', 'L', 'XII MOA', 'user_laki.png', 'T'),
('117012653', 'S-001', 'Muhammad Rizki Ilyashah Alam Rinjani', 'L', 'XII MOA', 'user_laki.png', 'T'),
('117012654', 'S-001', 'Nanda Fajar Nursalim', 'L', 'XII MOB', 'user_laki.png', 'T'),
('117012658', 'S-001', 'Sendi Wahyudin', 'L', 'XII MOA', 'user_laki.png', 'T'),
('117012659', 'S-001', 'Teguh Adien', 'L', 'XII MOB', 'user_laki.png', 'T'),
('117012660', 'S-001', 'Yoga Prasetyo', 'L', 'XII MOB', 'user_laki.png', 'T'),
('117012661', 'S-001', 'Yusup Maulana Ibrahim', 'L', 'XII MOA', 'user_laki.png', 'T'),
('117012662', 'S-001', 'Alex Permana Situmorang', 'L', 'XII MOA', 'user_laki.png', 'T'),
('117012663', 'S-001', 'Alfito Lazuardi', 'L', 'XII MOA', 'user_laki.png', 'T'),
('117012664', 'S-001', 'Alif Akbar Ramadhan', 'L', 'XII MOA', 'user_laki.png', 'T'),
('117012665', 'S-001', 'Alviqri Rizali', 'L', 'XII MOA', 'user_laki.png', 'T'),
('117012666', 'S-001', 'Bayu Alfiyan ', 'L', 'XII MOA', 'user_laki.png', 'T'),
('117012668', 'S-001', 'Ditria Maulana', 'L', 'XII MOA', 'user_laki.png', 'T'),
('117012669', 'S-001', 'Farhan Renaldhy Ramadhan', 'L', 'XII MOA', 'user_laki.png', 'T'),
('117012670', 'S-001', 'Favian Valerian ', 'L', 'XII MOA', 'user_laki.png', 'T'),
('117012671', 'S-001', 'Gilang Ramadhan', 'L', 'XII MOA', 'user_laki.png', 'T'),
('117012672', 'S-001', 'Handi Prananda Pandia', 'L', 'XII MOA', 'user_laki.png', 'T'),
('117012673', 'S-001', 'Ilham Renadi', 'L', 'XII MOA', 'user_laki.png', 'T'),
('117012674', 'S-001', 'Khipan Maulana Rasid', 'L', 'XII MOA', 'user_laki.png', 'T'),
('117012675', 'S-001', 'Muhamad Maulana Akbar', 'L', 'XII MOA', 'user_laki.png', 'T'),
('117012676', 'S-001', 'Muhamad Ramdani', 'L', 'XII MOA', 'user_laki.png', 'T'),
('117012677', 'S-001', 'Muhamad Reihan Zulfikar', 'L', 'XII MOA', 'user_laki.png', 'T'),
('117012679', 'S-001', 'Rendy Indrajaya', 'L', 'XII MOA', 'user_laki.png', 'T'),
('117012680', 'S-001', 'Revliandi Chandra Nuryaman', 'L', 'XII MOA', 'user_laki.png', 'T'),
('117012681', 'S-001', 'Rhenaldy Alvary Ampouw', 'L', 'XII MOA', 'user_laki.png', 'T'),
('117012682', 'S-001', 'Riki Nur Rahman', 'L', 'XII MOA', 'user_laki.png', 'T'),
('117012684', 'S-001', 'Rizki Aji Saputra', 'L', 'XII MOA', 'user_laki.png', 'T'),
('117012685', 'S-001', 'Rizki Hiza', 'L', 'XII MOA', 'user_laki.png', 'T'),
('117012686', 'S-001', 'Topan hardian', 'L', 'XII MOA', 'user_laki.png', 'T'),
('117012687', 'S-001', 'Yoga Dika Pratama', 'L', 'XII MOA', 'user_laki.png', 'T'),
('117012688', 'S-001', 'Anggi Surya Mahameru', 'L', 'XII MOB', 'user_laki.png', 'T'),
('117012689', 'S-001', 'Anggoro Luthfi Mahardika', 'L', 'XII MOB', 'user_laki.png', 'T'),
('117012690', 'S-001', 'Ariel Erlangga Febrian Efendi', 'L', 'XII MOB', 'user_laki.png', 'T'),
('117012691', 'S-001', 'Aril Hadiansyah', 'L', 'XII MOB', 'user_laki.png', 'T'),
('117012692', 'S-001', 'Bagja Ainun', 'L', 'XII MOB', 'user_laki.png', 'T'),
('117012693', 'S-001', 'Bilal Gusti Mardhotulloh', 'L', 'XII MOB', 'user_laki.png', 'T'),
('117012694', 'S-001', 'Dwi Purnomo', 'L', 'XII MOB', 'user_laki.png', 'T'),
('117012695', 'S-001', 'Fikriyansyah', 'L', 'XII MOB', 'user_laki.png', 'T'),
('117012696', 'S-001', 'Handi Romansyah', 'L', 'XII MOB', 'user_laki.png', 'T'),
('117012697', 'S-001', 'Indra Jully Pratama', 'L', 'XII MOB', 'user_laki.png', 'T'),
('117012698', 'S-001', 'Mahesa Mei Riandi', 'L', 'XII MOB', 'user_laki.png', 'T'),
('117012700', 'S-001', 'Muhamad Ilham', 'L', 'XII MOB', 'user_laki.png', 'T'),
('117012701', 'S-001', 'Muhammad Arifin', 'L', 'XII MOB', 'user_laki.png', 'T'),
('117012702', 'S-001', 'Muhammad Davin Ariel Faishal', 'L', 'XII MOB', 'user_laki.png', 'T'),
('117012703', 'S-001', 'Muhammad Rifay Haikkal', 'L', 'XII MOB', 'user_laki.png', 'T'),
('117012705', 'S-001', 'Rizky Afandi Putra', 'L', 'XII MOB', 'user_laki.png', 'T'),
('117012706', 'S-001', 'Rizqi Syahrul Ramadhan', 'L', 'XII MOB', 'user_laki.png', 'T'),
('117012707', 'S-001', 'Ruli Septian Pratama', 'L', 'XII MOB', 'user_laki.png', 'T'),
('117012708', 'S-001', 'Sendra Novencius', 'L', 'XII MOB', 'user_laki.png', 'T'),
('117012709', 'S-001', 'Septian Rosadi', 'L', 'XII MOB', 'user_laki.png', 'T'),
('117012710', 'S-001', 'Stefanus Andhika', 'L', 'XII MOB', 'user_laki.png', 'T'),
('117012711', 'S-001', 'Viqi Maulana', 'L', 'XII MOB', 'user_laki.png', 'T'),
('117012712', 'S-001', 'Yusran Aprianto R', 'L', 'XII MOB', 'user_laki.png', 'T'),
('117012713', 'S-001', 'Agis Fauzi', 'L', 'XII RPL A', 'user_laki.png', 'T'),
('117012714', 'S-001', 'Aidan Doeana Lazuardi', 'L', 'XII RPL A', 'user_laki.png', 'T'),
('117012715', 'S-001', 'Aldo Verdianto', 'L', 'XII RPL A', 'user_laki.png', 'T'),
('117012716', 'S-001', 'Alif Careca Ardan', 'L', 'XII RPL A', 'user_laki.png', 'T'),
('117012717', 'S-001', 'Alifa Cleo', 'P', 'XII RPL A', 'user_perempuan.png', 'T'),
('117012718', 'S-001', 'Amelia Siti Lutfiah', 'P', 'XII RPL A', 'user_perempuan.png', 'T'),
('117012719', 'S-001', 'Bobby Aerlangga', 'L', 'XII RPL A', 'user_laki.png', 'T'),
('117012720', 'S-001', 'Dimas Zatnika', 'L', 'XII RPL A', 'user_laki.png', 'T'),
('117012721', 'S-001', 'Farhan Pasarribu', 'L', 'XII RPL A', 'user_laki.png', 'T'),
('117012722', 'S-001', 'Fauzan Muhammad Iqbal D', 'L', 'XII RPL A', 'user_laki.png', 'T'),
('117012723', 'S-001', 'Fikri Febrian', 'L', 'XII RPL A', 'user_laki.png', 'T'),
('117012724', 'S-001', 'Hari Yuliadi', 'L', 'XII RPL A', 'user_laki.png', 'T'),
('117012725', 'S-001', 'Herdianto Aryo Prakoso', 'L', 'XII RPL A', 'user_laki.png', 'T'),
('117012726', 'S-001', 'M. Andre Rahmat', 'L', 'XII RPL A', 'user_laki.png', 'T'),
('117012727', 'S-001', 'Misbah Chul Rozak', 'L', 'XII RPL A', 'user_laki.png', 'T'),
('117012728', 'S-001', 'Muhamad Rivan Sahronie', 'L', 'XII RPL A', 'user_laki.png', 'T'),
('117012729', 'S-001', 'Muhamad Taufik Rivaldi', 'L', 'XII RPL A', 'user_laki.png', 'T'),
('117012730', 'S-001', 'Okky Agung Sunata', 'L', 'XII RPL A', 'user_laki.png', 'T'),
('117012731', 'S-001', 'Osama Zamy Supriansa', 'L', 'XII RPL A', 'user_laki.png', 'T'),
('117012732', 'S-001', 'Putri Ambarwati Eka Gunawan', 'P', 'XII RPL A', 'user_perempuan.png', 'T'),
('117012733', 'S-001', 'Putri Dilla Nurfaijah', 'P', 'XII RPL A', 'user_perempuan.png', 'T'),
('117012734', 'S-001', 'Raden Muhammad Rofi Abdul Jalil', 'L', 'XII RPL A', 'user_laki.png', 'T'),
('117012735', 'S-001', 'Rani Nurhayati', 'P', 'XII RPL A', 'user_perempuan.png', 'T'),
('117012737', 'S-001', 'Rifki Aldin Maulana', 'L', 'XII RPL A', 'user_laki.png', 'T'),
('117012738', 'S-001', 'Rizki Zulpadli', 'L', 'XII RPL A', 'user_laki.png', 'T'),
('117012739', 'S-001', 'Rizky Muhammad Nazhif', 'L', 'XII RPL A', 'user_laki.png', 'T'),
('117012740', 'S-001', 'Rizky Nur Azis', 'L', 'XII RPL A', 'user_laki.png', 'T'),
('117012741', 'S-001', 'Sagala Paskalis Alex', 'L', 'XII RPL A', 'user_laki.png', 'T'),
('117012742', 'S-001', 'Shallu Suhesti', 'L', 'XII RPL A', 'user_laki.png', 'T'),
('117012743', 'S-001', 'Yusuf Ahmad Ghazali', 'L', 'XII RPL A', 'user_laki.png', 'T'),
('118012745', 'S-001', 'I Gede Krisna Abiantara', 'L', 'XII RPL A', 'user_laki.png', 'T'),
('181910001', 'S-001', 'Ahmad Ma\'ruf Saleh', 'L', 'XI LA', 'user_laki.png', 'T'),
('181910002', 'S-001', 'Alam Andhika Juliansyah', 'L', 'XI LA', 'user_laki.png', 'T'),
('181910003', 'S-001', 'Alvin Saputra Hariyantho', 'L', 'XI LA', 'user_laki.png', 'T'),
('181910004', 'S-001', 'Andika Pratama Saepulloh', 'L', 'XI LA', 'user_laki.png', 'T'),
('181910005', 'S-001', 'Andri Montella Pratama', 'L', 'XI LA', 'user_laki.png', 'T'),
('181910006', 'S-001', 'Arlan Ismail Hakim', 'L', 'XI LA', 'user_laki.png', 'T'),
('181910007', 'S-001', 'Daffa Iqballul Alam', 'L', 'XI LA', 'user_laki.png', 'T'),
('181910008', 'S-001', 'Desi Lestari', 'P', 'XI LA', 'user_perempuan.png', 'T'),
('181910009', 'S-001', 'Diki Muhamad Saputra', 'L', 'XI LA', 'user_laki.png', 'T'),
('181910010', 'S-001', 'Fajar Taufik Abdul Rahman', 'L', 'XI LA', 'user_laki.png', 'T'),
('181910011', 'S-001', 'Fikri Putra Haikal', 'L', 'XI LA', 'user_laki.png', 'T'),
('181910012', 'S-001', 'Fradiv Putra Syamsul Ma\'arif', 'L', 'XI LA', 'user_laki.png', 'T'),
('181910013', 'S-001', 'Ibnu Nugraha Nusaputra', 'L', 'XI LA', 'user_laki.png', 'T'),
('181910014', 'S-001', 'M. Farhanudin', 'L', 'XI LA', 'user_laki.png', 'T'),
('181910015', 'S-001', 'Mamik Dinamika', 'L', 'XI LA', 'user_laki.png', 'T'),
('181910016', 'S-001', 'Maras Rasyiid Raafi', 'L', 'XI LA', 'user_laki.png', 'T'),
('181910017', 'S-001', 'Mohammad Valen Malika W', 'L', 'XI LA', 'user_laki.png', 'T'),
('181910018', 'S-001', 'Muhamad Dzikry Raynan', 'L', 'XI LA', 'user_laki.png', 'T'),
('181910019', 'S-001', 'Muhammad Denan', 'L', 'XI LA', 'user_laki.png', 'T'),
('181910020', 'S-001', 'Muhammad Fadiel F', 'L', 'XI LA', 'user_laki.png', 'T'),
('181910022', 'S-001', 'Nova Andrianto', 'L', 'XI LA', 'user_laki.png', 'T'),
('181910023', 'S-001', 'Ramdan Ikhwansyah', 'L', 'XI LA', 'user_laki.png', 'T'),
('181910024', 'S-001', 'Rendy Eka Muhammad Yusuf', 'L', 'XI LA', 'user_laki.png', 'T'),
('181910025', 'S-001', 'Ridwan Maulana', 'L', 'XI LA', 'user_laki.png', 'T'),
('181910026', 'S-001', 'Ridzky Sukma Nugraha', 'L', 'XI LA', 'user_laki.png', 'T'),
('181910027', 'S-001', 'Rike Agustina', 'P', 'XI LA', 'user_perempuan.png', 'T'),
('181910028', 'S-001', 'Roja Riyun mauludin', 'L', 'XI LA', 'user_laki.png', 'T'),
('181910029', 'S-001', 'Sidik Awaludin', 'L', 'XI LA', 'user_laki.png', 'T'),
('181910030', 'S-001', 'Taufik Miftahul Ulum', 'L', 'XI LA', 'user_laki.png', 'T'),
('181910031', 'S-001', 'Tirta Somantri', 'L', 'XI LA', 'user_laki.png', 'T'),
('181910032', 'S-001', 'Wanda Saputra', 'L', 'XI LA', 'user_laki.png', 'T'),
('181910033', 'S-001', 'Zarfan Nurizqi Zulkarnaen', 'L', 'XI LA', 'user_laki.png', 'T'),
('181910034', 'S-001', 'Ade Muhamad Triansyah', 'L', 'XI MIA', 'user_laki.png', 'T'),
('181910035', 'S-001', 'Adi Ardiansyah', 'L', 'XI MIA', 'user_laki.png', 'T'),
('181910036', 'S-001', 'Admaja Ginting', 'L', 'XI MIA', 'user_laki.png', 'T'),
('181910038', 'S-001', 'Agus Hidayat', 'L', 'XI MIA', 'user_laki.png', 'T'),
('181910039', 'S-001', 'Agus Setiawan', 'L', 'XI MIA', 'user_laki.png', 'T'),
('181910041', 'S-001', 'Dikka Saeful Rohman', 'L', 'XI MIA', 'user_laki.png', 'T'),
('181910042', 'S-001', 'Divaio Muhammad Aldira ', 'L', 'XI MIA', 'user_laki.png', 'T'),
('181910043', 'S-001', 'Dony Khoerurroziqin', 'L', 'XI MIA', 'user_laki.png', 'T'),
('181910044', 'S-001', 'Fahrizal Ramadhan', 'L', 'XI MIA', 'user_laki.png', 'T'),
('181910045', 'S-001', 'Fani Amelia Putri', 'P', 'XI MIA', 'user_perempuan.png', 'T'),
('181910047', 'S-001', 'Galih Ramadhan', 'L', 'XI MIA', 'user_laki.png', 'T'),
('181910048', 'S-001', 'Hafizh Salman Rahmanda', 'L', 'XI MIA', 'user_laki.png', 'T'),
('181910049', 'S-001', 'Harie Yulianto Lubis', 'L', 'XI MIA', 'user_laki.png', 'T'),
('181910050', 'S-001', 'Mochammad Setiaji Rahmawan', 'L', 'XI MIA', 'user_laki.png', 'T'),
('181910052', 'S-001', 'Muhammad Rival Setiawan', 'L', 'XI MIA', 'user_laki.png', 'T'),
('181910053', 'S-001', 'Mukhtar Hasyim Suardi', 'L', 'XI MIA', 'user_laki.png', 'T'),
('181910054', 'S-001', 'Ramadhan Yoga Pratama', 'L', 'XI MIA', 'user_laki.png', 'T'),
('181910055', 'S-001', 'Rangga Nizar Dwiputra', 'L', 'XI MIA', 'user_laki.png', 'T'),
('181910056', 'S-001', 'Rendi Taufiq', 'L', 'XI MIA', 'user_laki.png', 'T'),
('181910057', 'S-001', 'Rifki Fahreza Nugraha', 'L', 'XI MIA', 'user_laki.png', 'T'),
('181910058', 'S-001', 'Rizki Agustin ', 'L', 'X MESIN', 'user_laki.png', 'T'),
('181910059', 'S-001', 'Samorano', 'L', 'XI MIA', 'user_laki.png', 'T'),
('181910060', 'S-001', 'Samudra Pangestu Mulyana', 'L', 'XI MIA', 'user_laki.png', 'T'),
('181910061', 'S-001', 'Tio Hardi Nugraha', 'L', 'XI MIA', 'user_laki.png', 'T'),
('181910063', 'S-001', 'Akmal Halim', 'L', 'XI MIB', 'user_laki.png', 'T'),
('181910064', 'S-001', 'Albertus Hasiholan Naibaho', 'L', 'XI MIB', 'user_laki.png', 'T'),
('181910065', 'S-001', 'Andika Pratama', 'L', 'XI MIB', 'user_laki.png', 'T'),
('181910066', 'S-001', 'Anggi Ependi', 'L', 'XI MIB', 'user_laki.png', 'T'),
('181910067', 'S-001', 'Arie Kusmiran', 'L', 'XI MIB', 'user_laki.png', 'T'),
('181910068', 'S-001', 'Arridho Zaenal Ahkam', 'L', 'XI MIB', 'user_laki.png', 'T'),
('181910069', 'S-001', 'Bagus Hidayatuloh', 'L', 'XI MIB', 'user_laki.png', 'T'),
('181910070', 'S-001', 'Denis Muhamad Ramdhan', 'L', 'XI MIB', 'user_laki.png', 'T'),
('181910071', 'S-001', 'Dhimas Setiawan', 'L', 'XI MIB', 'user_laki.png', 'T'),
('181910072', 'S-001', 'Dicky Karliansyah', 'L', 'XI MIB', 'user_laki.png', 'T'),
('181910073', 'S-001', 'Febrianto Immanuel', 'L', 'XI MIB', 'user_laki.png', 'T'),
('181910074', 'S-001', 'Fikram Ginastiar Putra', 'L', 'XI MIB', 'user_laki.png', 'T'),
('181910075', 'S-001', 'Fikri Nur Hasan', 'L', 'XI MIB', 'user_laki.png', 'T'),
('181910077', 'S-001', 'Hudan Abdul Halim', 'L', 'XI MIB', 'user_laki.png', 'T'),
('181910079', 'S-001', 'Mochamad Kresta Artareza', 'L', 'XI MIB', 'user_laki.png', 'T'),
('181910081', 'S-001', 'Muhamad Ghifari Putra P', 'L', 'XI MIB', 'user_laki.png', 'T'),
('181910082', 'S-001', 'Nispan Ramdani Heriansyah', 'L', 'XI MIB', 'user_laki.png', 'T'),
('181910083', 'S-001', 'Pernando Swandi', 'L', 'XI MIB', 'user_laki.png', 'T'),
('181910084', 'S-001', 'Raka Radithya Riadi', 'L', 'XI MIB', 'user_laki.png', 'T'),
('181910085', 'S-001', 'Riful Fadli Buchori', 'L', 'XI MIB', 'user_laki.png', 'T'),
('181910086', 'S-001', 'Riski Pirmansyah', 'L', 'XI MIB', 'user_laki.png', 'T'),
('181910087', 'S-001', 'Rivetinaldo Mochamad Raflie A D', 'L', 'XI MIB', 'user_laki.png', 'T'),
('181910088', 'S-001', 'Syahrul Gugun Gunawan', 'L', 'XI MIB', 'user_laki.png', 'T'),
('181910089', 'S-001', 'Tengku Muhammad Rifqi', 'L', 'XI MIB', 'user_laki.png', 'T'),
('181910090', 'S-001', 'Zahtan Zulfikar', 'L', 'XI MIB', 'user_laki.png', 'T'),
('181910091', 'S-001', 'Ahmad Sawaludin Rosadi', 'L', 'XI MOA', 'user_laki.png', 'T'),
('181910093', 'S-001', 'Aji Hasanudin', 'L', 'XI MOA', 'user_laki.png', 'T'),
('181910094', 'S-001', 'Aldi Sofiansyah', 'L', 'XI MOA', 'user_laki.png', 'T'),
('181910095', 'S-001', 'Azhar Kamalludin', 'L', 'XI MOA', 'user_laki.png', 'T'),
('181910096', 'S-001', 'Barqah Agriana Pamungkas', 'L', 'XI MOA', 'user_laki.png', 'T'),
('181910097', 'S-001', 'Candra Dinata Nugraha', 'L', 'XI MOA', 'user_laki.png', 'T'),
('181910098', 'S-001', 'Edi Setiawan', 'L', 'XI MOA', 'user_laki.png', 'T'),
('181910099', 'S-001', 'Gilang Ramadhan', 'L', 'XI MOA', 'user_laki.png', 'T'),
('181910100', 'S-001', 'Indra Setiawan', 'L', 'XI MOA', 'user_laki.png', 'T'),
('181910101', 'S-001', 'Khoiru Nur Dafa Sofyan', 'L', 'XI MOA', 'user_laki.png', 'T'),
('181910102', 'S-001', 'Mochamad Hafit Ibnu Wibowo', 'L', 'XI MOA', 'user_laki.png', 'T'),
('181910103', 'S-001', 'Mochammad Randika Devansa', 'L', 'XI MOA', 'user_laki.png', 'T'),
('181910104', 'S-001', 'Mochammad Dafa Haffilah Noor', 'L', 'XI MOA', 'user_laki.png', 'T'),
('181910105', 'S-001', 'Nabil Athalla Shidqi', 'L', 'XI MOA', 'user_laki.png', 'T'),
('181910106', 'S-001', 'Putra Ahmad Ramadhan', 'L', 'XI MOA', 'user_laki.png', 'T'),
('181910107', 'S-001', 'Rendy Prayoga', 'L', 'XI MOA', 'user_laki.png', 'T'),
('181910108', 'S-001', 'Reza Tedy Mulyadi', 'L', 'XI MOA', 'user_laki.png', 'T'),
('181910110', 'S-001', 'Sa\' Duroji Al Birli', 'L', 'XI MOA', 'user_laki.png', 'T'),
('181910111', 'S-001', 'Teddy Rianto', 'L', 'XI MOA', 'user_laki.png', 'T'),
('181910112', 'S-001', 'Varqa Izzat Darmawan', 'L', 'XI MOA', 'user_laki.png', 'T'),
('181910113', 'S-001', 'Wildan Al Farifqi', 'L', 'XI MOA', 'user_laki.png', 'T'),
('181910114', 'S-001', 'Aji Sucipto', 'L', 'XI MOB', 'user_laki.png', 'T'),
('181910115', 'S-001', 'Aldi Agus Saputra', 'L', 'XI MOB', 'user_laki.png', 'T'),
('181910116', 'S-001', 'Aliv Akbar Syachromi', 'L', 'XI MOA', 'user_laki.png', 'T'),
('181910117', 'S-001', 'Andhika Arya Wijaya', 'L', 'XI MOB', 'user_laki.png', 'T'),
('181910118', 'S-001', 'Apriyansyah bahrudin', 'L', 'XI MOB', 'user_laki.png', 'T'),
('181910119', 'S-001', 'Bimo Aji Prayoga', 'L', 'XI MOB', 'user_laki.png', 'T'),
('181910120', 'S-001', 'Dikdik Muhamad Fauzi', 'L', 'XI MOB', 'user_laki.png', 'T'),
('181910121', 'S-001', 'Fajar Hidayatuloh', 'L', 'XI MOB', 'user_laki.png', 'T'),
('181910122', 'S-001', 'Gilang Ramadan', 'L', 'XI MOB', 'user_laki.png', 'T'),
('181910123', 'S-001', 'Iqbal Abdurrohim', 'L', 'XI MOB', 'user_laki.png', 'T'),
('181910124', 'S-001', 'Lucky Saputra Kuswandi', 'L', 'XI MOB', 'user_laki.png', 'T'),
('181910125', 'S-001', 'Muhamad Aprila', 'L', 'XI MOB', 'user_laki.png', 'T'),
('181910126', 'S-001', 'Muhamad Dwi Rizki Nurul Ihsan', 'L', 'XI MOB', 'user_laki.png', 'T'),
('181910127', 'S-001', 'Muhamad Ibrahim Al-majani', 'L', 'XI MOB', 'user_laki.png', 'T'),
('181910128', 'S-001', 'Nathanael Stephen', 'L', 'XI MOB', 'user_laki.png', 'T'),
('181910129', 'S-001', 'Rafael Rizki Raja Naibaho', 'L', 'XI MOB', 'user_laki.png', 'T'),
('181910130', 'S-001', 'Rafi Ar-Rasyid', 'L', 'XI MOB', 'user_laki.png', 'T'),
('181910131', 'S-001', 'Raka Rasyadan Sabaru', 'L', 'XI MOB', 'user_laki.png', 'T'),
('181910132', 'S-001', 'Sendi Rizki Permadi', 'L', 'XI MOB', 'user_laki.png', 'T'),
('181910134', 'S-001', 'Sigit Komarudin', 'L', 'XI MOB', 'user_laki.png', 'T'),
('181910135', 'S-001', 'Andrean Nurohman', 'L', 'XI MOB', 'user_laki.png', 'T'),
('181910136', 'S-001', 'Andreas Putera Pratama', 'L', 'XI MOB', 'user_laki.png', 'T'),
('181910137', 'S-001', 'Andy Cahyadi', 'L', 'XI MOA', 'user_laki.png', 'T'),
('181910138', 'S-001', 'Anggi Sukma Saputra', 'L', 'XI MOB', 'user_laki.png', 'T'),
('181910139', 'S-001', 'Arief Hidayat Bastian', 'L', 'XI MOA', 'user_laki.png', 'T'),
('181910140', 'S-001', 'Dikky Saeful Rohim', 'L', 'XI MOB', 'user_laki.png', 'T'),
('181910141', 'S-001', 'Dimas Adam Prasetya', 'L', 'XI MOA', 'user_laki.png', 'T'),
('181910142', 'S-001', 'Fajri Maulana', 'L', 'XI MOB', 'user_laki.png', 'T'),
('181910144', 'S-001', 'Junaidi hamdani Aldi', 'L', 'XI MOA', 'user_laki.png', 'T'),
('181910145', 'S-001', 'Luthfi Budi Mulya Duta Lintang', 'L', 'XI MOB', 'user_laki.png', 'T'),
('181910146', 'S-001', 'Marham Firmansyah', 'L', 'XI MOA', 'user_laki.png', 'T'),
('181910147', 'S-001', 'Muhamad Gilang Mulya Pratama', 'L', 'XI MOA', 'user_laki.png', 'T'),
('181910148', 'S-001', 'Muhamad Rizwan Gimnastiar', 'L', 'XI MOB', 'user_laki.png', 'T'),
('181910149', 'S-001', 'Muhammad  Ramdhan G P.', 'L', 'XI MOB', 'user_laki.png', 'T'),
('181910150', 'S-001', 'Muhammad Saepul Ulum', 'L', 'XI MOB', 'user_laki.png', 'T'),
('181910151', 'S-001', 'Nekad Hardian', 'L', 'XI MOA', 'user_laki.png', 'T'),
('181910152', 'S-001', 'Rifaldy Pandia Fahluzi', 'L', 'XI MOA', 'user_laki.png', 'T'),
('181910153', 'S-001', 'Ripqi Algi Hadali', 'L', 'XI MOB', 'user_laki.png', 'T'),
('181910154', 'S-001', 'Rizky Anugrah Witriana', 'L', 'XI MOA', 'user_laki.png', 'T'),
('181910155', 'S-001', 'Rizky Rachman Fathoni', 'L', 'XI MOA', 'user_laki.png', 'T'),
('181910156', 'S-001', 'Sendhi Pebriansyah', 'L', 'XI MOB', 'user_laki.png', 'T'),
('181910158', 'S-001', 'Ade Ryan Rizaldy', 'L', 'XI RPL A', 'user_laki.png', 'T'),
('181910159', 'S-001', 'Adiel Dermawan Yusuf', 'L', 'XI RPL A', 'user_laki.png', 'T'),
('181910160', 'S-001', 'Aji Nugroho', 'L', 'XI RPL A', 'user_laki.png', 'T'),
('181910161', 'S-001', 'Akbar Maulana Budiman', 'L', 'XI RPL A', 'user_laki.png', 'T'),
('181910162', 'S-001', 'Alfa Dawaa Sinatrya Nur Rochim', 'L', 'XI RPL A', 'user_laki.png', 'T'),
('181910163', 'S-001', 'Bob Byan Handoko Putra', 'L', 'XI RPL A', 'user_laki.png', 'T'),
('181910164', 'S-001', 'Dewi Sumirat', 'P', 'XI RPL A', 'user_perempuan.png', 'T'),
('181910165', 'S-001', 'Eldiansyah', 'L', 'XI RPL A', 'user_laki.png', 'T'),
('181910166', 'S-001', 'Erda Zahra', 'P', 'XI RPL A', 'user_perempuan.png', 'T'),
('181910167', 'S-001', 'Jihan Rabbani', 'P', 'XI RPL A', 'user_perempuan.png', 'T'),
('181910168', 'S-001', 'Kartika', 'P', 'XI RPL A', 'user_perempuan.png', 'T'),
('181910169', 'S-001', 'Khoiri Arya Putra', 'L', 'XI RPL A', 'user_laki.png', 'T'),
('181910170', 'S-001', 'Muhamad Rangga Fadillah M S', 'L', 'XI RPL A', 'user_laki.png', 'T'),
('181910171', 'S-001', 'Muhammad Al Ghifari Widjaya', 'L', 'XI RPL A', 'user_laki.png', 'T'),
('181910172', 'S-001', 'Muhammad Fakhri Fakhrezi', 'L', 'XI RPL A', 'user_laki.png', 'T'),
('181910173', 'S-001', 'Muhammad Zhilal Adzanni', 'L', 'XI RPL A', 'user_laki.png', 'T'),
('181910174', 'S-001', 'Muhammad Zian Fauzi', 'L', 'XI RPL A', 'user_laki.png', 'T'),
('181910175', 'S-001', 'Restu Al\'Fitrah Moreno', 'L', 'XI RPL A', 'user_laki.png', 'T'),
('181910176', 'S-001', 'Ryan Ariyandi', 'L', 'XI RPL A', 'user_laki.png', 'T'),
('181910178', 'S-001', 'Tsani Akmal Syahril', 'L', 'XI RPL A', 'user_laki.png', 'T'),
('181910179', 'S-001', 'Alhafidz Abdul Faqih', 'L', 'XI RPL B', 'user_laki.png', 'T'),
('181910180', 'S-001', 'Ammar Febryano Rizqansyah', 'L', 'XI RPL B', 'user_laki.png', 'T'),
('181910181', 'S-001', 'Bagja Arya Pratama Putra', 'L', 'XI RPL B', 'user_laki.png', 'T'),
('181910182', 'S-001', 'Dendi Raihan Aditya', 'L', 'XI RPL B', 'user_laki.png', 'T'),
('181910183', 'S-001', 'Fachrul Zaelani Nurdin', 'L', 'XI RPL B', 'user_laki.png', 'T'),
('181910184', 'S-001', 'Fadlan Miftah Khoirin', 'L', 'XI RPL B', 'user_laki.png', 'T'),
('181910185', 'S-001', 'Haiqel Fardanurizky', 'L', 'XI RPL B', 'user_laki.png', 'T'),
('181910186', 'S-001', 'Ilham Ryvalgie Daviankha', 'L', 'XI RPL B', 'user_laki.png', 'T'),
('181910187', 'S-001', 'Mochamad Fillan Azriel Hidayat', 'L', 'XI RPL B', 'user_laki.png', 'T'),
('181910188', 'S-001', 'Mochammad Syahrul Ramadhan', 'L', 'XI RPL B', 'user_laki.png', 'T'),
('181910189', 'S-001', 'Muhamad Ariyan Ilham', 'L', 'XI RPL B', 'user_laki.png', 'T'),
('181910190', 'S-001', 'Muhamad Ghazwan Pria Subagja', 'L', 'XI RPL B', 'user_laki.png', 'T'),
('181910191', 'S-001', 'Muhamad Idris', 'L', 'XI RPL B', 'user_laki.png', 'T'),
('181910192', 'S-001', 'Muhammad Raihan EL-Azka', 'L', 'XI RPL B', 'user_laki.png', 'T'),
('181910193', 'S-001', 'Rahman Ar Rasyid Suparlan', 'L', 'XI RPL B', 'user_laki.png', 'T'),
('181910194', 'S-001', 'Raihan Lugay Praramadhan', 'L', 'XI RPL B', 'user_laki.png', 'T'),
('181910195', 'S-001', 'Rangga Raditya', 'L', 'XI RPL B', 'user_laki.png', 'T'),
('181910196', 'S-001', 'Ridwan Ramadhan', 'L', 'XI RPL B', 'user_laki.png', 'T'),
('181910197', 'S-001', 'Rizkya Wildani Yahya', 'L', 'XI RPL B', 'user_laki.png', 'T'),
('181910198', 'S-001', 'Sedrianus Tarigan', 'L', 'XI RPL B', 'user_laki.png', 'T'),
('181910199', 'S-001', 'Yasyfa Maulana Rizqi', 'L', 'XI RPL B', 'user_laki.png', 'T'),
('181910207', 'S-001', 'Muhammad Ihram Al Azhar', 'L', 'XI MIB', 'user_laki.png', 'T'),
('181910208', 'S-001', 'Putra Al Ghifari Kurniawan', 'L', 'XII MOB', 'user_laki.png', 'T'),
('181910209', 'S-001', 'Aldi Prasetyo', 'L', 'XII MIB', 'user_laki.png', 'T'),
('181911201', 'S-001', 'Iqbalul Asypar', 'L', 'XII LB', 'user_laki.png', 'T'),
('181911202', 'S-001', 'Nur Aspan Asyari', 'L', 'XII MIA', 'user_laki.png', 'T'),
('181911203', 'S-001', 'Akbar Farid', 'L', 'XII MOA', 'user_laki.png', 'T'),
('181911204', 'S-001', 'Hanna Ramdani', 'L', 'XII RPL A', 'user_laki.png', 'T'),
('181911205', 'S-001', 'Bagus Nugraha Dwiwardana', 'L', 'XII RPL A', 'user_laki.png', 'T'),
('192010001', 'S-001', 'Adam Rizki Hidayat', 'L', 'X LA', 'user_laki.png', 'T'),
('192010002', 'S-001', 'Aldhi Nur Muhamad', 'L', 'X LA', 'user_laki.png', 'T'),
('192010003', 'S-001', 'Egi Permana', 'L', 'X LA', 'user_laki.png', 'T'),
('192010004', 'S-001', 'Fauzan Adies Abdillah', 'L', 'X LA', 'user_laki.png', 'T'),
('192010005', 'S-001', 'Imel Dayanti', 'P', 'X LA', 'user_perempuan.png', 'T'),
('192010006', 'S-001', 'Iqbal Al Farizi', 'L', 'X LA', 'user_laki.png', 'T'),
('192010007', 'S-001', 'Irfa Qodrii Haliza', 'P', 'X LA', 'user_perempuan.png', 'T'),
('192010008', 'S-001', 'Moh. Robbi Febriyanto', 'L', 'X LA', 'user_laki.png', 'T'),
('192010009', 'S-001', 'Muhamad Reza Rijkia Nugraha', 'L', 'X LA', 'user_laki.png', 'T'),
('192010010', 'S-001', 'Muhamad Trifaldi Khaerudin', 'L', 'X LA', 'user_laki.png', 'T'),
('192010011', 'S-001', 'Muhammad Fahriza Arrasyid', 'L', 'X LA', 'user_laki.png', 'T'),
('192010012', 'S-001', 'Muhammad Ganni Pirdaus', 'L', 'X LA', 'user_laki.png', 'T'),
('192010013', 'S-001', 'Muhammad Salman Fariz', 'L', 'X LA', 'user_laki.png', 'T'),
('192010014', 'S-001', 'Muhamad Syahril Ramadhani', 'L', 'X LA', 'user_laki.png', 'T'),
('192010015', 'S-001', 'Mustopa', 'L', 'X LA', 'user_laki.png', 'T'),
('192010016', 'S-001', 'Raden Sahid Muhammad Yasin ', 'L', 'X LA', 'user_laki.png', 'T'),
('192010017', 'S-001', 'Sophia Atmanah', 'P', 'X LA', 'user_perempuan.png', 'T'),
('192010018', 'S-001', 'Surya Prayogi', 'L', 'X LA', 'user_laki.png', 'T'),
('192010019', 'S-001', 'Tegar Tri Prasojo', 'L', 'X LA', 'user_laki.png', 'T'),
('192010020', 'S-001', 'Vicky Rizky Setiadi', 'L', 'X LA', 'user_laki.png', 'T'),
('192010021', 'S-001', 'Yoga Alifiansyah', 'L', 'X LA', 'user_laki.png', 'T'),
('192010022', 'S-001', 'Aditia Muhamad Rizki', 'L', 'X MESIN', 'user_laki.png', 'T'),
('192010023', 'S-001', 'Aditya Dwiprasetyo', 'L', 'X MESIN', 'user_laki.png', 'T'),
('192010024', 'S-001', 'Afif Satya Mahardika', 'L', 'X MESIN', 'user_laki.png', 'T'),
('192010025', 'S-001', 'Alif Akbar', 'L', 'X MESIN', 'user_laki.png', 'T'),
('192010026', 'S-001', 'Anisa Rahmadani', 'P', 'X MESIN', 'user_perempuan.png', 'T'),
('192010027', 'S-001', 'Arif Budiman ', 'L', 'X MESIN', 'user_laki.png', 'T'),
('192010028', 'S-001', 'Arshel Arizki Sukmana', 'L', 'X MESIN', 'user_laki.png', 'T'),
('192010029', 'S-001', 'Azriel Chikal Kurniawan', 'L', 'X MESIN', 'user_laki.png', 'T'),
('192010030', 'S-001', 'Difa Maulana', 'L', 'X MESIN', 'user_laki.png', 'T'),
('192010031', 'S-001', 'Difa Hanan Ibrahim', 'L', 'X MESIN', 'user_laki.png', 'T'),
('192010032', 'S-001', 'Firman Aulia Nuryana', 'L', 'X MESIN', 'user_laki.png', 'T'),
('192010033', 'S-001', 'Ilham Ramadhan', 'L', 'X MESIN', 'user_laki.png', 'T'),
('192010034', 'S-001', 'Isep Yanwar', 'L', 'X MESIN', 'user_laki.png', 'T'),
('192010035', 'S-001', 'Joe Satrian Al Akbar', 'L', 'X MESIN', 'user_laki.png', 'T'),
('192010036', 'S-001', 'Moh. Fahrurozi', 'L', 'X MESIN', 'user_laki.png', 'T'),
('192010037', 'S-001', 'Mohamad Iqbal Syarif Saputra', 'L', 'X MESIN', 'user_laki.png', 'T'),
('192010038', 'S-001', 'Muhamad Rackhis Permana Effendi', 'L', 'X MESIN', 'user_laki.png', 'T'),
('192010039', 'S-001', 'Muhamad Taufik Hidayat', 'L', 'X MESIN', 'user_laki.png', 'T'),
('192010040', 'S-001', 'Muhamad Zenal', 'L', 'X MESIN', 'user_laki.png', 'T'),
('192010041', 'S-001', 'Naufal Rizki Fadilah', 'L', 'X MESIN', 'user_laki.png', 'T'),
('192010042', 'S-001', 'Paulus Ivan Yulian Nugroho', 'L', 'X MESIN', 'user_laki.png', 'T'),
('192010043', 'S-001', 'Prasetyo Adi Nugroho', 'L', 'X MESIN', 'user_laki.png', 'T'),
('192010044', 'S-001', 'Rafi Putra Permana', 'L', 'X MESIN', 'user_laki.png', 'T'),
('192010045', 'S-001', 'Rafiq Mu\'Adz Lubis', 'L', 'X MESIN', 'user_laki.png', 'T'),
('192010046', 'S-001', 'Rahmat Dwi Gunawan', 'L', 'X MESIN', 'user_laki.png', 'T'),
('192010047', 'S-001', 'Restu Fazar Febrianto', 'L', 'X MESIN', 'user_laki.png', 'T'),
('192010048', 'S-001', 'Rian', 'L', 'X MESIN', 'user_laki.png', 'T'),
('192010049', 'S-001', 'Rifki Ibnu Salman', 'L', 'X MESIN', 'user_laki.png', 'T'),
('192010050', 'S-001', 'Rifky Rahmatilah Ramadhan', 'L', 'X MESIN', 'user_laki.png', 'T'),
('192010051', 'S-001', 'Risnaldi Fauzi', 'L', 'X MESIN', 'user_laki.png', 'T'),
('192010052', 'S-001', 'Roni Rodiansyah', 'L', 'X MESIN', 'user_laki.png', 'T'),
('192010053', 'S-001', 'Satria Rizki Abdullah', 'L', 'X MESIN', 'user_laki.png', 'T'),
('192010054', 'S-001', 'Ade Aldiansyah Afdha', 'L', 'X OTOMOTIF', 'user_laki.png', 'T'),
('192010055', 'S-001', 'Agung Indra Pratama', 'L', 'X OTOMOTIF', 'user_laki.png', 'T'),
('192010056', 'S-001', 'Ahkzan Saputra', 'L', 'X OTOMOTIF', 'user_laki.png', 'T'),
('192010057', 'S-001', 'Adri Setiawan', 'L', 'X OTOMOTIF', 'user_laki.png', 'T'),
('192010058', 'S-001', 'Asep Haerudin', 'L', 'X OTOMOTIF', 'user_laki.png', 'T'),
('192010059', 'S-001', 'Cevin Antoni Fisrtco', 'L', 'X OTOMOTIF', 'user_laki.png', 'T'),
('192010060', 'S-001', 'Dhoni Ramadan', 'L', 'X OTOMOTIF', 'user_laki.png', 'T'),
('192010061', 'S-001', 'Dyah Wahyu Mahesa Fito D.', 'L', 'X OTOMOTIF', 'user_laki.png', 'T'),
('192010062', 'S-001', 'Erlangga Manansyah', 'L', 'X OTOMOTIF', 'user_laki.png', 'T'),
('192010063', 'S-001', 'Ghazy Nawwaf Al Fayyadh', 'L', 'X OTOMOTIF', 'user_laki.png', 'T'),
('192010064', 'S-001', 'Herdiyansyah Akhmad Mulyana', 'L', 'X OTOMOTIF', 'user_laki.png', 'T'),
('192010065', 'S-001', 'Heru Adhi Nurcahyo', 'L', 'X OTOMOTIF', 'user_laki.png', 'T'),
('192010066', 'S-001', 'Hilal Akbar Ramdhani', 'L', 'X OTOMOTIF', 'user_laki.png', 'T'),
('192010067', 'S-001', 'Ihsan Ragil Nugraha', 'L', 'X OTOMOTIF', 'user_laki.png', 'T'),
('192010068', 'S-001', 'Irfan Dipa Rayza', 'L', 'X OTOMOTIF', 'user_laki.png', 'T'),
('192010069', 'S-001', 'Irfan Ferdiansyah', 'L', 'X OTOMOTIF', 'user_laki.png', 'T'),
('192010070', 'S-001', 'Kiki Darmawan', 'L', 'X OTOMOTIF', 'user_laki.png', 'T'),
('192010071', 'S-001', 'Mochamad Supriatna', 'L', 'X OTOMOTIF', 'user_laki.png', 'T'),
('192010072', 'S-001', 'Mohamad Alfalen Setiawan', 'L', 'X OTOMOTIF', 'user_laki.png', 'T'),
('192010073', 'S-001', 'Muhammad Akmal Al Farid', 'L', 'X OTOMOTIF', 'user_laki.png', 'T'),
('192010074', 'S-001', 'Muhammad Nouval Ramadhan', 'L', 'X OTOMOTIF', 'user_laki.png', 'T'),
('192010075', 'S-001', 'Muhammad Raihan S.', 'L', 'X OTOMOTIF', 'user_laki.png', 'T'),
('192010076', 'S-001', 'Pepep Rahmat Solihin', 'L', 'X OTOMOTIF', 'user_laki.png', 'T'),
('192010077', 'S-001', 'Putra Dwi Pahreza', 'L', 'X OTOMOTIF', 'user_laki.png', 'T'),
('192010078', 'S-001', 'Radik Ramadhan', 'L', 'X OTOMOTIF', 'user_laki.png', 'T'),
('192010079', 'S-001', 'Raditya Eka R.', 'L', 'X OTOMOTIF', 'user_laki.png', 'T'),
('192010080', 'S-001', 'Raihan Al zibran', 'L', 'X OTOMOTIF', 'user_laki.png', 'T'),
('192010081', 'S-001', 'Rangga Buana Putra', 'L', 'X OTOMOTIF', 'user_laki.png', 'T'),
('192010082', 'S-001', 'Rasya Regi Albila', 'L', 'X OTOMOTIF', 'user_laki.png', 'T'),
('192010083', 'S-001', 'Reksaka Syadad Farhan', 'L', 'X OTOMOTIF', 'user_laki.png', 'T'),
('192010084', 'S-001', 'Reva Naufal Zahran', 'L', 'X OTOMOTIF', 'user_laki.png', 'T'),
('192010085', 'S-001', 'Reyhan Andrian Emeraldo', 'L', 'X OTOMOTIF', 'user_laki.png', 'T'),
('192010086', 'S-001', 'Rio Setiawan', 'L', 'X OTOMOTIF', 'user_laki.png', 'T'),
('192010087', 'S-001', 'Rizky Nugraha', 'L', 'X OTOMOTIF', 'user_laki.png', 'T'),
('192010088', 'S-001', 'Rokki Januarianto', 'L', 'X OTOMOTIF', 'user_laki.png', 'T'),
('192010089', 'S-001', 'Temmy Sebastian', 'L', 'X OTOMOTIF', 'user_laki.png', 'T'),
('192010090', 'S-001', 'Wahyu Adhi Nugroho ', 'L', 'X OTOMOTIF', 'user_laki.png', 'T'),
('192010091', 'S-001', 'Wisnu Yusuf Maulana', 'L', 'X OTOMOTIF', 'user_laki.png', 'T'),
('192010092', 'S-001', 'Wiwin Pratama', 'L', 'X OTOMOTIF', 'user_laki.png', 'T'),
('192010093', 'S-001', 'Yosse Herman Pratama', 'L', 'X OTOMOTIF', 'user_laki.png', 'T'),
('192010094', 'S-001', 'Aditya Putra Pratama', 'L', 'X RPL A', 'user_laki.png', 'T'),
('192010095', 'S-001', 'Ariz Firmasyah', 'L', 'X RPL A', 'user_laki.png', 'T'),
('192010096', 'S-001', 'Arya Abhizaki', 'L', 'X RPL A', 'user_laki.png', 'T'),
('192010097', 'S-001', 'Aurellia Chaerunnisa', 'P', 'X RPL A', 'user_perempuan.png', 'T'),
('192010098', 'S-001', 'Bayu Raflian Pawana', 'L', 'X RPL A', 'user_laki.png', 'T'),
('192010099', 'S-001', 'Denada Rachel Isabella Natacya', 'P', 'X RPL A', 'user_perempuan.png', 'T'),
('192010100', 'S-001', 'Dilla Deranie', 'P', 'X RPL A', 'user_perempuan.png', 'T'),
('192010101', 'S-001', 'Eka Ali Hilmansyah', 'L', 'X RPL A', 'user_laki.png', 'T'),
('192010102', 'S-001', 'Fardan Andryansyah', 'L', 'X RPL A', 'user_laki.png', 'T'),
('192010103', 'S-001', 'Farhan Ramadhany', 'L', 'X RPL A', 'user_laki.png', 'T'),
('192010104', 'S-001', 'Gilang Rahman Ramadhan', 'L', 'X RPL A', 'user_laki.png', 'T'),
('192010105', 'S-001', 'Hammam Abror Rofif', 'L', 'X RPL A', 'user_laki.png', 'T'),
('192010106', 'S-001', 'Hanifah Putri Saskia', 'P', 'X RPL A', 'user_perempuan.png', 'T'),
('192010107', 'S-001', 'Irfan Setiawan', 'L', 'X RPL A', 'user_laki.png', 'T'),
('192010108', 'S-001', 'Irma Dwiyanti', 'P', 'X RPL A', 'user_perempuan.png', 'T'),
('192010109', 'S-001', 'Jemmy Christian Chia', 'L', 'X RPL A', 'user_laki.png', 'T'),
('192010110', 'S-001', 'Kamal Komaludin', 'L', 'X RPL A', 'user_laki.png', 'T'),
('192010111', 'S-001', 'Leonardus Michael Nurak', 'L', 'X RPL A', 'user_laki.png', 'T'),
('192010112', 'S-001', 'Moch Ivan Permana Sulaeman', 'L', 'X RPL A', 'user_laki.png', 'T'),
('192010113', 'S-001', 'Muchamad Tegar Setiawan', 'L', 'X RPL A', 'user_laki.png', 'T'),
('192010114', 'S-001', 'Muhamad Fazzli Hadian', 'L', 'X RPL A', 'user_laki.png', 'T'),
('192010115', 'S-001', 'Muhammad Dimas Rizki', 'L', 'X RPL A', 'user_laki.png', 'T'),
('192010116', 'S-001', 'Muhammad Irfandi', 'L', 'X RPL A', 'user_laki.png', 'T'),
('192010117', 'S-001', 'Muhammad Nur Salim', 'L', 'X RPL A', 'user_laki.png', 'T'),
('192010118', 'S-001', 'Muhhamad Andika Adrian P', 'L', 'X RPL A', 'user_laki.png', 'T'),
('192010119', 'S-001', 'Nikita Aura Praditya', 'P', 'X RPL A', 'user_perempuan.png', 'T'),
('192010120', 'S-001', 'Okky Angga Wijaya', 'L', 'X RPL A', 'user_laki.png', 'T'),
('192010122', 'S-001', 'Really Rida Syahputra', 'L', 'X RPL A', 'user_laki.png', 'T'),
('192010123', 'S-001', 'Reyhan Lutfi Nuryardan', 'L', 'X RPL A', 'user_laki.png', 'T'),
('192010124', 'S-001', 'Rifki Bakti Arahman', 'L', 'X RPL A', 'user_laki.png', 'T'),
('192010125', 'S-001', 'Ritonga, Akbar Indra', 'L', 'X RPL A', 'user_laki.png', 'T'),
('192010126', 'S-001', 'Rizal Anjani Nur Sapari', 'L', 'X RPL A', 'user_laki.png', 'T'),
('192010127', 'S-001', 'Saefu Salman', 'L', 'X RPL A', 'user_laki.png', 'T'),
('192010128', 'S-001', 'Sawaluddin', 'L', 'X RPL A', 'user_laki.png', 'T'),
('192010129', 'S-001', 'Siti Aminah', 'P', 'X RPL A', 'user_perempuan.png', 'T'),
('192010130', 'S-001', 'Srisundari P M.', 'L', 'X RPL A', 'user_laki.png', 'T'),
('192010131', 'S-001', 'Syekha Akira', 'P', 'X RPL A', 'user_perempuan.png', 'T'),
('192010132', 'S-001', 'Valent Ardiansyah', 'L', 'X RPL A', 'user_laki.png', 'T'),
('192010133', 'S-001', 'Yoga Wahid Ramadhan ', 'L', 'X RPL A', 'user_laki.png', 'T'),
('192011134', 'S-001', 'Dafa Anugrah', 'L', 'XI LA', 'user_laki.png', 'T');

-- --------------------------------------------------------

--
-- Table structure for table `tbl_vote`
--

CREATE TABLE `tbl_vote` (
  `id_vote` int(11) NOT NULL,
  `nis` varchar(10) NOT NULL,
  `kelas` varchar(10) NOT NULL,
  `id_pil` varchar(10) NOT NULL,
  `id_sekolah` varchar(10) NOT NULL,
  `status` enum('Y','T') NOT NULL
) ENGINE=InnoDB DEFAULT CHARSET=latin1 COLLATE=latin1_swedish_ci;

--
-- Indexes for dumped tables
--

--
-- Indexes for table `tbl_admin`
--
ALTER TABLE `tbl_admin`
  ADD PRIMARY KEY (`nip`),
  ADD KEY `fk_admin_sekolah` (`id_sekolah`);

--
-- Indexes for table `tbl_calon`
--
ALTER TABLE `tbl_calon`
  ADD PRIMARY KEY (`id_pil`),
  ADD KEY `fk_pilihan_sekolah` (`id_sekolah`);

--
-- Indexes for table `tbl_login`
--
ALTER TABLE `tbl_login`
  ADD PRIMARY KEY (`username`),
  ADD KEY `fk_login_sekolah` (`id_sekolah`);

--
-- Indexes for table `tbl_sekolah`
--
ALTER TABLE `tbl_sekolah`
  ADD PRIMARY KEY (`id_sekolah`);

--
-- Indexes for table `tbl_siswa`
--
ALTER TABLE `tbl_siswa`
  ADD PRIMARY KEY (`nis`),
  ADD KEY `fk_siswa_sekolah` (`id_sekolah`);

--
-- Indexes for table `tbl_vote`
--
ALTER TABLE `tbl_vote`
  ADD PRIMARY KEY (`id_vote`),
  ADD KEY `fk_vote_siswa` (`nis`),
  ADD KEY `fk_vote_sekolah` (`id_sekolah`),
  ADD KEY `fk_vote_calon` (`id_pil`);

--
-- AUTO_INCREMENT for dumped tables
--

--
-- AUTO_INCREMENT for table `tbl_vote`
--
ALTER TABLE `tbl_vote`
  MODIFY `id_vote` int(11) NOT NULL AUTO_INCREMENT, AUTO_INCREMENT=13;

--
-- Constraints for dumped tables
--

--
-- Constraints for table `tbl_admin`
--
ALTER TABLE `tbl_admin`
  ADD CONSTRAINT `fk_admin_sekolah` FOREIGN KEY (`id_sekolah`) REFERENCES `tbl_sekolah` (`id_sekolah`) ON DELETE CASCADE ON UPDATE CASCADE;

--
-- Constraints for table `tbl_calon`
--
ALTER TABLE `tbl_calon`
  ADD CONSTRAINT `fk_pilihan_sekolah` FOREIGN KEY (`id_sekolah`) REFERENCES `tbl_sekolah` (`id_sekolah`) ON DELETE CASCADE ON UPDATE CASCADE;

--
-- Constraints for table `tbl_login`
--
ALTER TABLE `tbl_login`
  ADD CONSTRAINT `fk_login_sekolah` FOREIGN KEY (`id_sekolah`) REFERENCES `tbl_sekolah` (`id_sekolah`) ON DELETE CASCADE ON UPDATE CASCADE;

--
-- Constraints for table `tbl_siswa`
--
ALTER TABLE `tbl_siswa`
  ADD CONSTRAINT `fk_siswa_sekolah` FOREIGN KEY (`id_sekolah`) REFERENCES `tbl_sekolah` (`id_sekolah`) ON DELETE CASCADE ON UPDATE CASCADE;

--
-- Constraints for table `tbl_vote`
--
ALTER TABLE `tbl_vote`
  ADD CONSTRAINT `fk_vote_calon` FOREIGN KEY (`id_pil`) REFERENCES `tbl_calon` (`id_pil`) ON DELETE CASCADE ON UPDATE CASCADE,
  ADD CONSTRAINT `fk_vote_sekolah` FOREIGN KEY (`id_sekolah`) REFERENCES `tbl_sekolah` (`id_sekolah`) ON DELETE CASCADE ON UPDATE CASCADE,
  ADD CONSTRAINT `fk_vote_siswa` FOREIGN KEY (`nis`) REFERENCES `tbl_siswa` (`nis`) ON DELETE CASCADE ON UPDATE CASCADE;
COMMIT;

/*!40101 SET CHARACTER_SET_CLIENT=@OLD_CHARACTER_SET_CLIENT */;
/*!40101 SET CHARACTER_SET_RESULTS=@OLD_CHARACTER_SET_RESULTS */;
/*!40101 SET COLLATION_CONNECTION=@OLD_COLLATION_CONNECTION */;
